name,position,location,Company,profile_link
Nat Kilsby,Managing Director,"London, England Metropolitan Area",Goldman Sachs,"https://www.linkedin.com/sales/people/ACwAAABdGMMBW807mpOJFWTSZ3_4bMiXxzUDFQk,NAME_SEARCH,sbsz?_ntb=5%2BZmn3yrSVCVnHXAgGGeAA%3D%3D"
Jeneia D. Mullins,Product Manager,"New York, New York, United States",Goldman Sachs,"https://www.linkedin.com/sales/people/ACwAAACubNcBHU54GwbP0QExvlc3zvOaLe69Ltg,NAME_SEARCH,wj3j?_ntb=5%2BZmn3yrSVCVnHXAgGGeAA%3D%3D"
Mustafa Al Niama,Vice President,"New York, New York, United States",Goldman Sachs,"https://www.linkedin.com/sales/people/ACwAAAEWHo8BbQDc4gImicGC6xUgQePrJ8rEZI8,NAME_SEARCH,eolq?_ntb=5%2BZmn3yrSVCVnHXAgGGeAA%3D%3D"
Anushree Srivastava,Managing Director,"London, England, United Kingdom",Goldman Sachs,"https://www.linkedin.com/sales/people/ACwAAAqsoBwBr2bg4rXAga_0xOciljFq22-PG3w,NAME_SEARCH,86EU?_ntb=5%2BZmn3yrSVCVnHXAgGGeAA%3D%3D"
Simon Bäckerling,Executive Director Information Security,"Frankfurt, Hesse, Germany",Goldman Sachs,"https://www.linkedin.com/sales/people/ACwAAAESUdsBm9MpwdVes1vcGZqE70e5AsZGzGg,NAME_SEARCH,c40c?_ntb=5%2BZmn3yrSVCVnHXAgGGeAA%3D%3D"
Rob Basinger,Head of Marketing- Consumer & Investment Management EMEA; and Head of Product & Marketing- Marcus UK,"Reading, England, United Kingdom",Goldman Sachs,"https://www.linkedin.com/sales/people/ACwAAAVK2yUB-RrjDNTJheuE2ZLrhC2ptBm9R-c,NAME_SEARCH,AjvC?_ntb=5%2BZmn3yrSVCVnHXAgGGeAA%3D%3D"
Yakhya Azashikov,"Executive Director, Investment Banking (Healthcare)","London, England Metropolitan Area",Goldman Sachs,"https://www.linkedin.com/sales/people/ACwAAAWyImYBcF9r6x1NhDCYJK-iG652xIWQtUQ,NAME_SEARCH,Wu_C?_ntb=5%2BZmn3yrSVCVnHXAgGGeAA%3D%3D"
Kome Emuh,"Vice President, COO of Securities Division Operations and Engineering","New York, New York, United States",Goldman Sachs,"https://www.linkedin.com/sales/people/ACwAAALng94B8kWAyjd1wxq_bB6u-Go0cNR9btg,NAME_SEARCH,rl2Y?_ntb=5%2BZmn3yrSVCVnHXAgGGeAA%3D%3D"
Bradley Safer,"Vice President, Data Engineering, Cloud Data Services Architecture",New York City Metropolitan Area,Goldman Sachs,"https://www.linkedin.com/sales/people/ACwAAAGbsxIBeNCKHPq-Xhni3jk3SCQlebzwQno,NAME_SEARCH,r2fB?_ntb=5%2BZmn3yrSVCVnHXAgGGeAA%3D%3D"
Karthik Ravindra,"Vice President, Data Engineering - Consumer Credit Card",New York City Metropolitan Area,Goldman Sachs,"https://www.linkedin.com/sales/people/ACwAAAFDnhMBn7aiyA_4_Sw_nUMb1OVPg4tTRRY,NAME_SEARCH,pEJd?_ntb=5%2BZmn3yrSVCVnHXAgGGeAA%3D%3D"
Vicki Tung,Global Head Campus Recruiting,"New York, New York, United States",Goldman Sachs,"https://www.linkedin.com/sales/people/ACwAAAayOLUBaOeqal1X1WiUyJTxbL2YPNaF1hw,NAME_SEARCH,GQfA?_ntb=5%2BZmn3yrSVCVnHXAgGGeAA%3D%3D"
Andreza Barbosa,Head of Governance - Model Risk Management,New York City Metropolitan Area,Goldman Sachs,"https://www.linkedin.com/sales/people/ACwAAAAKrmkBulLj2MTggkXDbnLSVgMVeic2vqg,NAME_SEARCH,lGAr?_ntb=5%2BZmn3yrSVCVnHXAgGGeAA%3D%3D"
Elisabeth Job Kozack,"Managing Director, Product & Partnerships Strategy - Digital Lending, Marcus by Goldman Sachs","New York, New York, United States",Goldman Sachs,"https://www.linkedin.com/sales/people/ACwAAAATuBwB4Q1s7fJeush7A-NNXt8s0jjB7L8,NAME_SEARCH,C2qz?_ntb=5%2BZmn3yrSVCVnHXAgGGeAA%3D%3D"
Farah K.,"Associate, Asset Management","London, England Metropolitan Area",Goldman Sachs,"https://www.linkedin.com/sales/people/ACwAAAgviLABcbqa6IHWyzygzbav1Vfm0hu0hXU,NAME_SEARCH,2B1I?_ntb=5%2BZmn3yrSVCVnHXAgGGeAA%3D%3D"
Niamh W.,"Head of ESG Research, FI","London, England Metropolitan Area",Goldman Sachs,"https://www.linkedin.com/sales/people/ACwAAADPx9EBuyl0VeF85QVFnnpBvTaGk6KpZ_s,NAME_SEARCH,AUBt?_ntb=5%2BZmn3yrSVCVnHXAgGGeAA%3D%3D"
Moses Song,"VP, Head of Digital Associate Experiences","New York, New York, United States",Goldman Sachs,"https://www.linkedin.com/sales/people/ACwAAACBmGUBW6vIE8sa1FQj9_K1k19iY_TMF_A,NAME_SEARCH,PGbs?_ntb=5%2BZmn3yrSVCVnHXAgGGeAA%3D%3D"
Rashid Abdalla,Managing Director,"London, England Metropolitan Area",Goldman Sachs,"https://www.linkedin.com/sales/people/ACwAAAE5F6MBT66K3XjNa417sNph2tdM7zrhh34,NAME_SEARCH,6b5-?_ntb=5%2BZmn3yrSVCVnHXAgGGeAA%3D%3D"
Stephanie Cohen,Chief Strategy Officer,"New York, New York, United States",Goldman Sachs,"https://www.linkedin.com/sales/people/ACwAAAAzsJEBL59t2UV-YQSL0NOLQHDAT7umK3U,NAME_SEARCH,Ut1w?_ntb=5%2BZmn3yrSVCVnHXAgGGeAA%3D%3D"
Rajiv Krishnakumar,Vice President in the R&D Engineering Team,"New York, New York, United States",Goldman Sachs,"https://www.linkedin.com/sales/people/ACwAAAahKnIBPgqHceLrlkgMBu9n-z0BUaK97Gc,NAME_SEARCH,wPQz?_ntb=5%2BZmn3yrSVCVnHXAgGGeAA%3D%3D"
Faisal Chowdhry,Executive Director,"London, England Metropolitan Area",Goldman Sachs,"https://www.linkedin.com/sales/people/ACwAAABKi5oB9dSJgVROwDvdK6tDWyIN-WEwpuc,NAME_SEARCH,owUn?_ntb=5%2BZmn3yrSVCVnHXAgGGeAA%3D%3D"
Ali Meli,Retired Partner,New York City Metropolitan Area,Goldman Sachs,"https://www.linkedin.com/sales/people/ACwAACfbQHIB3--tifC-23tDIQ2iqReSDdnohqM,NAME_SEARCH,0_LN?_ntb=5%2BZmn3yrSVCVnHXAgGGeAA%3D%3D"
Murad Nayal,"Managing Director, Global Head of Risk Informatics","New York, New York, United States",Goldman Sachs,"https://www.linkedin.com/sales/people/ACwAAAB90YMBd3Wg6xkj2uKU5PyXvIe0r3yiYos,NAME_SEARCH,WpCq?_ntb=5%2BZmn3yrSVCVnHXAgGGeAA%3D%3D"
Moritz Jobke,Managing Director,"London, England, United Kingdom",Goldman Sachs,"https://www.linkedin.com/sales/people/ACwAAAANXZoBkfDjcftqXbvRc9Uz0cmApDKMBGU,NAME_SEARCH,270a?_ntb=5%2BZmn3yrSVCVnHXAgGGeAA%3D%3D"
Nathaniel Hatten,Vice President - IT Audit - Risk Technology,Dallas-Fort Worth Metroplex,Goldman Sachs,"https://www.linkedin.com/sales/people/ACwAAAG09OsBm1VQFFzFF5U_wDXoYGBWXxA8oME,NAME_SEARCH,M5bv?_ntb=5%2BZmn3yrSVCVnHXAgGGeAA%3D%3D"
Alexandre Flavier,Goldman Sachs Growth & Private Equity,"London, England, United Kingdom",Goldman Sachs,"https://www.linkedin.com/sales/people/ACwAAAPn5lgBysVSpZO6CWRV-O0fdK_TUxGz_3s,NAME_SEARCH,YyzI?_ntb=5%2BZmn3yrSVCVnHXAgGGeAA%3D%3D"
name,position,location,Company,profile_link
Nat Kilsby,Managing Director,"London, England Metropolitan Area",Goldman Sachs,"https://www.linkedin.com/sales/people/ACwAAABdGMMBW807mpOJFWTSZ3_4bMiXxzUDFQk,NAME_SEARCH,sbsz?_ntb=5%2BZmn3yrSVCVnHXAgGGeAA%3D%3D"
Jeneia D. Mullins,Product Manager,"New York, New York, United States",Goldman Sachs,"https://www.linkedin.com/sales/people/ACwAAACubNcBHU54GwbP0QExvlc3zvOaLe69Ltg,NAME_SEARCH,wj3j?_ntb=5%2BZmn3yrSVCVnHXAgGGeAA%3D%3D"
Mustafa Al Niama,Vice President,"New York, New York, United States",Goldman Sachs,"https://www.linkedin.com/sales/people/ACwAAAEWHo8BbQDc4gImicGC6xUgQePrJ8rEZI8,NAME_SEARCH,eolq?_ntb=5%2BZmn3yrSVCVnHXAgGGeAA%3D%3D"
Anushree Srivastava,Managing Director,"London, England, United Kingdom",Goldman Sachs,"https://www.linkedin.com/sales/people/ACwAAAqsoBwBr2bg4rXAga_0xOciljFq22-PG3w,NAME_SEARCH,86EU?_ntb=5%2BZmn3yrSVCVnHXAgGGeAA%3D%3D"
Simon Bäckerling,Executive Director Information Security,"Frankfurt, Hesse, Germany",Goldman Sachs,"https://www.linkedin.com/sales/people/ACwAAAESUdsBm9MpwdVes1vcGZqE70e5AsZGzGg,NAME_SEARCH,c40c?_ntb=5%2BZmn3yrSVCVnHXAgGGeAA%3D%3D"
Rob Basinger,Head of Marketing- Consumer & Investment Management EMEA; and Head of Product & Marketing- Marcus UK,"Reading, England, United Kingdom",Goldman Sachs,"https://www.linkedin.com/sales/people/ACwAAAVK2yUB-RrjDNTJheuE2ZLrhC2ptBm9R-c,NAME_SEARCH,AjvC?_ntb=5%2BZmn3yrSVCVnHXAgGGeAA%3D%3D"
Yakhya Azashikov,"Executive Director, Investment Banking (Healthcare)","London, England Metropolitan Area",Goldman Sachs,"https://www.linkedin.com/sales/people/ACwAAAWyImYBcF9r6x1NhDCYJK-iG652xIWQtUQ,NAME_SEARCH,Wu_C?_ntb=5%2BZmn3yrSVCVnHXAgGGeAA%3D%3D"
Kome Emuh,"Vice President, COO of Securities Division Operations and Engineering","New York, New York, United States",Goldman Sachs,"https://www.linkedin.com/sales/people/ACwAAALng94B8kWAyjd1wxq_bB6u-Go0cNR9btg,NAME_SEARCH,rl2Y?_ntb=5%2BZmn3yrSVCVnHXAgGGeAA%3D%3D"
Bradley Safer,"Vice President, Data Engineering, Cloud Data Services Architecture",New York City Metropolitan Area,Goldman Sachs,"https://www.linkedin.com/sales/people/ACwAAAGbsxIBeNCKHPq-Xhni3jk3SCQlebzwQno,NAME_SEARCH,r2fB?_ntb=5%2BZmn3yrSVCVnHXAgGGeAA%3D%3D"
Karthik Ravindra,"Vice President, Data Engineering - Consumer Credit Card",New York City Metropolitan Area,Goldman Sachs,"https://www.linkedin.com/sales/people/ACwAAAFDnhMBn7aiyA_4_Sw_nUMb1OVPg4tTRRY,NAME_SEARCH,pEJd?_ntb=5%2BZmn3yrSVCVnHXAgGGeAA%3D%3D"
Vicki Tung,Global Head Campus Recruiting,"New York, New York, United States",Goldman Sachs,"https://www.linkedin.com/sales/people/ACwAAAayOLUBaOeqal1X1WiUyJTxbL2YPNaF1hw,NAME_SEARCH,GQfA?_ntb=5%2BZmn3yrSVCVnHXAgGGeAA%3D%3D"
Andreza Barbosa,Head of Governance - Model Risk Management,New York City Metropolitan Area,Goldman Sachs,"https://www.linkedin.com/sales/people/ACwAAAAKrmkBulLj2MTggkXDbnLSVgMVeic2vqg,NAME_SEARCH,lGAr?_ntb=5%2BZmn3yrSVCVnHXAgGGeAA%3D%3D"
Elisabeth Job Kozack,"Managing Director, Product & Partnerships Strategy - Digital Lending, Marcus by Goldman Sachs","New York, New York, United States",Goldman Sachs,"https://www.linkedin.com/sales/people/ACwAAAATuBwB4Q1s7fJeush7A-NNXt8s0jjB7L8,NAME_SEARCH,C2qz?_ntb=5%2BZmn3yrSVCVnHXAgGGeAA%3D%3D"
Farah K.,"Associate, Asset Management","London, England Metropolitan Area",Goldman Sachs,"https://www.linkedin.com/sales/people/ACwAAAgviLABcbqa6IHWyzygzbav1Vfm0hu0hXU,NAME_SEARCH,2B1I?_ntb=5%2BZmn3yrSVCVnHXAgGGeAA%3D%3D"
Niamh W.,"Head of ESG Research, FI","London, England Metropolitan Area",Goldman Sachs,"https://www.linkedin.com/sales/people/ACwAAADPx9EBuyl0VeF85QVFnnpBvTaGk6KpZ_s,NAME_SEARCH,AUBt?_ntb=5%2BZmn3yrSVCVnHXAgGGeAA%3D%3D"
Moses Song,"VP, Head of Digital Associate Experiences","New York, New York, United States",Goldman Sachs,"https://www.linkedin.com/sales/people/ACwAAACBmGUBW6vIE8sa1FQj9_K1k19iY_TMF_A,NAME_SEARCH,PGbs?_ntb=5%2BZmn3yrSVCVnHXAgGGeAA%3D%3D"
Rashid Abdalla,Managing Director,"London, England Metropolitan Area",Goldman Sachs,"https://www.linkedin.com/sales/people/ACwAAAE5F6MBT66K3XjNa417sNph2tdM7zrhh34,NAME_SEARCH,6b5-?_ntb=5%2BZmn3yrSVCVnHXAgGGeAA%3D%3D"
Stephanie Cohen,Chief Strategy Officer,"New York, New York, United States",Goldman Sachs,"https://www.linkedin.com/sales/people/ACwAAAAzsJEBL59t2UV-YQSL0NOLQHDAT7umK3U,NAME_SEARCH,Ut1w?_ntb=5%2BZmn3yrSVCVnHXAgGGeAA%3D%3D"
Rajiv Krishnakumar,Vice President in the R&D Engineering Team,"New York, New York, United States",Goldman Sachs,"https://www.linkedin.com/sales/people/ACwAAAahKnIBPgqHceLrlkgMBu9n-z0BUaK97Gc,NAME_SEARCH,wPQz?_ntb=5%2BZmn3yrSVCVnHXAgGGeAA%3D%3D"
Faisal Chowdhry,Executive Director,"London, England Metropolitan Area",Goldman Sachs,"https://www.linkedin.com/sales/people/ACwAAABKi5oB9dSJgVROwDvdK6tDWyIN-WEwpuc,NAME_SEARCH,owUn?_ntb=5%2BZmn3yrSVCVnHXAgGGeAA%3D%3D"
Ali Meli,Retired Partner,New York City Metropolitan Area,Goldman Sachs,"https://www.linkedin.com/sales/people/ACwAACfbQHIB3--tifC-23tDIQ2iqReSDdnohqM,NAME_SEARCH,0_LN?_ntb=5%2BZmn3yrSVCVnHXAgGGeAA%3D%3D"
Murad Nayal,"Managing Director, Global Head of Risk Informatics","New York, New York, United States",Goldman Sachs,"https://www.linkedin.com/sales/people/ACwAAAB90YMBd3Wg6xkj2uKU5PyXvIe0r3yiYos,NAME_SEARCH,WpCq?_ntb=5%2BZmn3yrSVCVnHXAgGGeAA%3D%3D"
Moritz Jobke,Managing Director,"London, England, United Kingdom",Goldman Sachs,"https://www.linkedin.com/sales/people/ACwAAAANXZoBkfDjcftqXbvRc9Uz0cmApDKMBGU,NAME_SEARCH,270a?_ntb=5%2BZmn3yrSVCVnHXAgGGeAA%3D%3D"
Nathaniel Hatten,Vice President - IT Audit - Risk Technology,Dallas-Fort Worth Metroplex,Goldman Sachs,"https://www.linkedin.com/sales/people/ACwAAAG09OsBm1VQFFzFF5U_wDXoYGBWXxA8oME,NAME_SEARCH,M5bv?_ntb=5%2BZmn3yrSVCVnHXAgGGeAA%3D%3D"
Alexandre Flavier,Goldman Sachs Growth & Private Equity,"London, England, United Kingdom",Goldman Sachs,"https://www.linkedin.com/sales/people/ACwAAAPn5lgBysVSpZO6CWRV-O0fdK_TUxGz_3s,NAME_SEARCH,YyzI?_ntb=5%2BZmn3yrSVCVnHXAgGGeAA%3D%3D"
R. Martin Chavez,Senior Director,"New York, New York, United States",Goldman Sachs,"https://www.linkedin.com/sales/people/ACwAAAAERfEBoG_8FQgYHhEJvQvwnI1aS3EjzZg,NAME_SEARCH,zlgG?_ntb=5%2BZmn3yrSVCVnHXAgGGeAA%3D%3D"
Michael Marsh,Partner,"London, England, United Kingdom",Goldman Sachs,"https://www.linkedin.com/sales/people/ACwAAAH0BeQBCz_YzSQa2HnIqmd2iPOm57rSwAE,NAME_SEARCH,z5HG?_ntb=5%2BZmn3yrSVCVnHXAgGGeAA%3D%3D"
Michele Titi-Cappelli,Partner,"London, England, United Kingdom",Goldman Sachs Principal Investment Area,"https://www.linkedin.com/sales/people/ACwAAAARwQ8BeV0iFbkoCmUdgvwzLlsKZOEoY7c,NAME_SEARCH,6Tjv?_ntb=5%2BZmn3yrSVCVnHXAgGGeAA%3D%3D"
Rob Pulford,Partner,United States,Goldman Sachs,"https://www.linkedin.com/sales/people/ACwAAAYuXlQBbtelHNBae72GiQXSiDTzPlqYggc,NAME_SEARCH,3zPh?_ntb=5%2BZmn3yrSVCVnHXAgGGeAA%3D%3D"
Andrew Weber,Vice President,"New York, New York, United States",Goldman Sachs,"https://www.linkedin.com/sales/people/ACwAAADzqFIBMf2AFmrlcn98tvxmWVL_xMBhSjM,NAME_SEARCH,Hbry?_ntb=5%2BZmn3yrSVCVnHXAgGGeAA%3D%3D"
Majid Sebti,Managing Director,"London, England, United Kingdom",Goldman Sachs,"https://www.linkedin.com/sales/people/ACwAAAL-KdABchTDZJ7W8S5q2wya2SdRAUOVwGo,NAME_SEARCH,E75f?_ntb=5%2BZmn3yrSVCVnHXAgGGeAA%3D%3D"
Vijay Bala,Vice President - Senior Engineer (Information Security & Risk Management),"New York, New York, United States",Goldman Sachs,"https://www.linkedin.com/sales/people/ACwAAAKK_fUBAEGw1qzypgqMUIZ9UXh5eHM5DLk,NAME_SEARCH,oFwk?_ntb=5%2BZmn3yrSVCVnHXAgGGeAA%3D%3D"
TJ Lim,Head of Digital Product - Global Private Wealth Management,"New York, New York, United States",Goldman Sachs,"https://www.linkedin.com/sales/people/ACwAAABgJj4BMpsGV_UxG2me67JkxMsE-oy9LmU,NAME_SEARCH,UslV?_ntb=5%2BZmn3yrSVCVnHXAgGGeAA%3D%3D"
Rajeev K Verma,Vice President - Agile Delivery & Transformation,"Bengaluru, Karnataka, India",Goldman Sachs,"https://www.linkedin.com/sales/people/ACwAAAGmFgEBzYlpk813UqmVjGzckHP2ebQ7Dr8,NAME_SEARCH,wzcN?_ntb=5%2BZmn3yrSVCVnHXAgGGeAA%3D%3D"
Prerak Vohra,Vice President,"New York, New York, United States",Goldman Sachs,"https://www.linkedin.com/sales/people/ACwAAAMn8EYBuiuDDuNMXscFLB4Uqke4_zrB1hI,NAME_SEARCH,kYX_?_ntb=5%2BZmn3yrSVCVnHXAgGGeAA%3D%3D"
Luc Teboul,Managing Director - Transaction Banking - Application Development Engineering,New York City Metropolitan Area,Goldman Sachs,"https://www.linkedin.com/sales/people/ACwAAACuaoYByEfZGXUjf5dSX4oBOiDH0EVUYfs,NAME_SEARCH,w9nZ?_ntb=5%2BZmn3yrSVCVnHXAgGGeAA%3D%3D"
Jade Mandel,"Vice President, Venture Capital and Growth Equity (GS Growth)","New York, New York, United States",Goldman Sachs,"https://www.linkedin.com/sales/people/ACwAAAWZIgUB8aV7clZlhCBrX3PpVbBggkx84NI,NAME_SEARCH,71qN?_ntb=5%2BZmn3yrSVCVnHXAgGGeAA%3D%3D"
Tavis Cannell,"Co-Head Europe, MBD Real Estate","London, England Metropolitan Area",Goldman Sachs,"https://www.linkedin.com/sales/people/ACwAAAABd1EBOBWplQ9T1G6aF8_7QIoSOs6RsrA,NAME_SEARCH,k5s7?_ntb=5%2BZmn3yrSVCVnHXAgGGeAA%3D%3D"
Reyna Pacheco,Analyst | Equity Derivatives,"New York, New York, United States",Goldman Sachs,"https://www.linkedin.com/sales/people/ACwAAA3D_jcB2sawPfWat6ctLDym1J1aIJ07YvI,NAME_SEARCH,Ikh4?_ntb=5%2BZmn3yrSVCVnHXAgGGeAA%3D%3D"
Charles Elkan,Managing Director,"New York, New York, United States",Goldman Sachs,"https://www.linkedin.com/sales/people/ACwAAAAQYxUB_YZzox4mVad73Qgoik2mt-gtWRY,NAME_SEARCH,PkQf?_ntb=5%2BZmn3yrSVCVnHXAgGGeAA%3D%3D"
Sumeya Ibrahim,Diversity Relationship Manager - EMEA - Experienced Hire Recruitment Team (Via ADP RPO),"London, England Metropolitan Area",Goldman Sachs,"https://www.linkedin.com/sales/people/ACwAAAE1xNIBMWJhW_NRcL48xV66qcZ7AZK03mQ,NAME_SEARCH,-xr4?_ntb=5%2BZmn3yrSVCVnHXAgGGeAA%3D%3D"
Padraig O'Connor,Vice President/Executive Director,"London, England Metropolitan Area",Goldman Sachs,"https://www.linkedin.com/sales/people/ACwAAAfOOV0BW8SijyGW2Td6QcakZNbjs6XQn_g,NAME_SEARCH,XzJv?_ntb=5%2BZmn3yrSVCVnHXAgGGeAA%3D%3D"
Matt O'Neill,Managing Director - Strategic Investments & Partnerships,"Hong Kong, Hong Kong SAR",Goldman Sachs,"https://www.linkedin.com/sales/people/ACwAAABCh80B54H40Cfa957UtnZcPNDo6vjrOT0,NAME_SEARCH,-8sU?_ntb=5%2BZmn3yrSVCVnHXAgGGeAA%3D%3D"
Phil Venables,Board Director - Goldman Sachs Bank,"New York, New York, United States",Goldman Sachs,"https://www.linkedin.com/sales/people/ACwAAAAD3xwBJ6IiP7TdJZ9_DKlAkvzc7L0GxuQ,NAME_SEARCH,70Nx?_ntb=5%2BZmn3yrSVCVnHXAgGGeAA%3D%3D"
Yun Zhang,Managing Director,New York City Metropolitan Area,Goldman Sachs,"https://www.linkedin.com/sales/people/ACwAAANoGGQBcVpP2s352YMt8dn4C2eJGiMXirY,NAME_SEARCH,UFlV?_ntb=5%2BZmn3yrSVCVnHXAgGGeAA%3D%3D"
Earl Hunt,Partner,"New York, New York, United States",Goldman Sachs,"https://www.linkedin.com/sales/people/ACwAAALQJp0BF4tKtXeuR51hYd2XdcrR5ePKBMg,NAME_SEARCH,-684?_ntb=5%2BZmn3yrSVCVnHXAgGGeAA%3D%3D"
Carly B.,"Consumer Digital Finance, VP of Change Management and Continuous Improvement","Salt Lake City, Utah, United States",Goldman Sachs,"https://www.linkedin.com/sales/people/ACwAAAyAtZgBdJhFtD0rHpegr-IBTzgof5RbG0Y,NAME_SEARCH,jhkt?_ntb=5%2BZmn3yrSVCVnHXAgGGeAA%3D%3D"
Richard Manley,Partner,Greater Toronto Area Metropolitan Area,Goldman Sachs,"https://www.linkedin.com/sales/people/ACwAAAB7s0EBeM8bGhVYZDmNYksVnrh0Gj6MYv0,NAME_SEARCH,98xE?_ntb=5%2BZmn3yrSVCVnHXAgGGeAA%3D%3D"
"Florian P. Meyer, LL.M.",Executive Director,"Frankfurt, Hesse, Germany",Goldman Sachs,"https://www.linkedin.com/sales/people/ACwAAAkSpukBXTBM3AqiynfDPCtCiiZfyaP00eU,NAME_SEARCH,SsY2?_ntb=5%2BZmn3yrSVCVnHXAgGGeAA%3D%3D"
Jon Unger,"Senior Engineer, Vice President","Dallas, Texas, United States",Goldman Sachs,"https://www.linkedin.com/sales/people/ACwAAAAkvYoBpW5VErn7edtuQhhKD74TtiFxj1M,NAME_SEARCH,eXl5?_ntb=5%2BZmn3yrSVCVnHXAgGGeAA%3D%3D"
name,position,location,Company,profile_link
Nat Kilsby,Managing Director,"London, England Metropolitan Area",Goldman Sachs,"https://www.linkedin.com/sales/people/ACwAAABdGMMBW807mpOJFWTSZ3_4bMiXxzUDFQk,NAME_SEARCH,sbsz?_ntb=fewKbqquRsOWCbPOwm6nvg%3D%3D"
Jeneia D. Mullins,Product Manager,"New York, New York, United States",Goldman Sachs,"https://www.linkedin.com/sales/people/ACwAAACubNcBHU54GwbP0QExvlc3zvOaLe69Ltg,NAME_SEARCH,wj3j?_ntb=fewKbqquRsOWCbPOwm6nvg%3D%3D"
Mustafa Al Niama,Vice President,"New York, New York, United States",Goldman Sachs,"https://www.linkedin.com/sales/people/ACwAAAEWHo8BbQDc4gImicGC6xUgQePrJ8rEZI8,NAME_SEARCH,eolq?_ntb=fewKbqquRsOWCbPOwm6nvg%3D%3D"
Anushree Srivastava,Managing Director,"London, England, United Kingdom",Goldman Sachs,"https://www.linkedin.com/sales/people/ACwAAAqsoBwBr2bg4rXAga_0xOciljFq22-PG3w,NAME_SEARCH,86EU?_ntb=fewKbqquRsOWCbPOwm6nvg%3D%3D"
Simon Bäckerling,Executive Director Information Security,"Frankfurt, Hesse, Germany",Goldman Sachs,"https://www.linkedin.com/sales/people/ACwAAAESUdsBm9MpwdVes1vcGZqE70e5AsZGzGg,NAME_SEARCH,c40c?_ntb=fewKbqquRsOWCbPOwm6nvg%3D%3D"
Rob Basinger,Head of Marketing- Consumer & Investment Management EMEA; and Head of Product & Marketing- Marcus UK,"Reading, England, United Kingdom",Goldman Sachs,"https://www.linkedin.com/sales/people/ACwAAAVK2yUB-RrjDNTJheuE2ZLrhC2ptBm9R-c,NAME_SEARCH,AjvC?_ntb=fewKbqquRsOWCbPOwm6nvg%3D%3D"
Yakhya Azashikov,"Executive Director, Investment Banking (Healthcare)","London, England Metropolitan Area",Goldman Sachs,"https://www.linkedin.com/sales/people/ACwAAAWyImYBcF9r6x1NhDCYJK-iG652xIWQtUQ,NAME_SEARCH,Wu_C?_ntb=fewKbqquRsOWCbPOwm6nvg%3D%3D"
Kome Emuh,"Vice President, COO of Securities Division Operations and Engineering","New York, New York, United States",Goldman Sachs,"https://www.linkedin.com/sales/people/ACwAAALng94B8kWAyjd1wxq_bB6u-Go0cNR9btg,NAME_SEARCH,rl2Y?_ntb=fewKbqquRsOWCbPOwm6nvg%3D%3D"
Bradley Safer,"Vice President, Data Engineering, Cloud Data Services Architecture",New York City Metropolitan Area,Goldman Sachs,"https://www.linkedin.com/sales/people/ACwAAAGbsxIBeNCKHPq-Xhni3jk3SCQlebzwQno,NAME_SEARCH,r2fB?_ntb=fewKbqquRsOWCbPOwm6nvg%3D%3D"
Karthik Ravindra,"Vice President, Data Engineering - Consumer Credit Card",New York City Metropolitan Area,Goldman Sachs,"https://www.linkedin.com/sales/people/ACwAAAFDnhMBn7aiyA_4_Sw_nUMb1OVPg4tTRRY,NAME_SEARCH,pEJd?_ntb=fewKbqquRsOWCbPOwm6nvg%3D%3D"
Vicki Tung,Global Head Campus Recruiting,"New York, New York, United States",Goldman Sachs,"https://www.linkedin.com/sales/people/ACwAAAayOLUBaOeqal1X1WiUyJTxbL2YPNaF1hw,NAME_SEARCH,GQfA?_ntb=fewKbqquRsOWCbPOwm6nvg%3D%3D"
Andreza Barbosa,Head of Governance - Model Risk Management,New York City Metropolitan Area,Goldman Sachs,"https://www.linkedin.com/sales/people/ACwAAAAKrmkBulLj2MTggkXDbnLSVgMVeic2vqg,NAME_SEARCH,lGAr?_ntb=fewKbqquRsOWCbPOwm6nvg%3D%3D"
Elisabeth Job Kozack,"Managing Director, Product & Partnerships Strategy - Digital Lending, Marcus by Goldman Sachs","New York, New York, United States",Goldman Sachs,"https://www.linkedin.com/sales/people/ACwAAAATuBwB4Q1s7fJeush7A-NNXt8s0jjB7L8,NAME_SEARCH,C2qz?_ntb=fewKbqquRsOWCbPOwm6nvg%3D%3D"
Farah K.,"Associate, Asset Management","London, England Metropolitan Area",Goldman Sachs,"https://www.linkedin.com/sales/people/ACwAAAgviLABcbqa6IHWyzygzbav1Vfm0hu0hXU,NAME_SEARCH,2B1I?_ntb=fewKbqquRsOWCbPOwm6nvg%3D%3D"
Niamh W.,"Head of ESG Research, FI","London, England Metropolitan Area",Goldman Sachs,"https://www.linkedin.com/sales/people/ACwAAADPx9EBuyl0VeF85QVFnnpBvTaGk6KpZ_s,NAME_SEARCH,AUBt?_ntb=fewKbqquRsOWCbPOwm6nvg%3D%3D"
Moses Song,"VP, Head of Digital Associate Experiences","New York, New York, United States",Goldman Sachs,"https://www.linkedin.com/sales/people/ACwAAACBmGUBW6vIE8sa1FQj9_K1k19iY_TMF_A,NAME_SEARCH,PGbs?_ntb=fewKbqquRsOWCbPOwm6nvg%3D%3D"
Rashid Abdalla,Managing Director,"London, England Metropolitan Area",Goldman Sachs,"https://www.linkedin.com/sales/people/ACwAAAE5F6MBT66K3XjNa417sNph2tdM7zrhh34,NAME_SEARCH,6b5-?_ntb=fewKbqquRsOWCbPOwm6nvg%3D%3D"
Stephanie Cohen,Chief Strategy Officer,"New York, New York, United States",Goldman Sachs,"https://www.linkedin.com/sales/people/ACwAAAAzsJEBL59t2UV-YQSL0NOLQHDAT7umK3U,NAME_SEARCH,Ut1w?_ntb=fewKbqquRsOWCbPOwm6nvg%3D%3D"
Rajiv Krishnakumar,Vice President in the R&D Engineering Team,"New York, New York, United States",Goldman Sachs,"https://www.linkedin.com/sales/people/ACwAAAahKnIBPgqHceLrlkgMBu9n-z0BUaK97Gc,NAME_SEARCH,wPQz?_ntb=fewKbqquRsOWCbPOwm6nvg%3D%3D"
Faisal Chowdhry,Executive Director,"London, England Metropolitan Area",Goldman Sachs,"https://www.linkedin.com/sales/people/ACwAAABKi5oB9dSJgVROwDvdK6tDWyIN-WEwpuc,NAME_SEARCH,owUn?_ntb=fewKbqquRsOWCbPOwm6nvg%3D%3D"
Ali Meli,Retired Partner,New York City Metropolitan Area,Goldman Sachs,"https://www.linkedin.com/sales/people/ACwAACfbQHIB3--tifC-23tDIQ2iqReSDdnohqM,NAME_SEARCH,0_LN?_ntb=fewKbqquRsOWCbPOwm6nvg%3D%3D"
Murad Nayal,"Managing Director, Global Head of Risk Informatics","New York, New York, United States",Goldman Sachs,"https://www.linkedin.com/sales/people/ACwAAAB90YMBd3Wg6xkj2uKU5PyXvIe0r3yiYos,NAME_SEARCH,WpCq?_ntb=fewKbqquRsOWCbPOwm6nvg%3D%3D"
Moritz Jobke,Managing Director,"London, England, United Kingdom",Goldman Sachs,"https://www.linkedin.com/sales/people/ACwAAAANXZoBkfDjcftqXbvRc9Uz0cmApDKMBGU,NAME_SEARCH,270a?_ntb=fewKbqquRsOWCbPOwm6nvg%3D%3D"
Nathaniel Hatten,Vice President - IT Audit - Risk Technology,Dallas-Fort Worth Metroplex,Goldman Sachs,"https://www.linkedin.com/sales/people/ACwAAAG09OsBm1VQFFzFF5U_wDXoYGBWXxA8oME,NAME_SEARCH,M5bv?_ntb=fewKbqquRsOWCbPOwm6nvg%3D%3D"
Alexandre Flavier,Goldman Sachs Growth & Private Equity,"London, England, United Kingdom",Goldman Sachs,"https://www.linkedin.com/sales/people/ACwAAAPn5lgBysVSpZO6CWRV-O0fdK_TUxGz_3s,NAME_SEARCH,YyzI?_ntb=fewKbqquRsOWCbPOwm6nvg%3D%3D"
R. Martin Chavez,Senior Director,"New York, New York, United States",Goldman Sachs,"https://www.linkedin.com/sales/people/ACwAAAAERfEBoG_8FQgYHhEJvQvwnI1aS3EjzZg,NAME_SEARCH,zlgG?_ntb=fewKbqquRsOWCbPOwm6nvg%3D%3D"
Michael Marsh,Partner,"London, England, United Kingdom",Goldman Sachs,"https://www.linkedin.com/sales/people/ACwAAAH0BeQBCz_YzSQa2HnIqmd2iPOm57rSwAE,NAME_SEARCH,z5HG?_ntb=fewKbqquRsOWCbPOwm6nvg%3D%3D"
Michele Titi-Cappelli,Partner,"London, England, United Kingdom",Goldman Sachs Principal Investment Area,"https://www.linkedin.com/sales/people/ACwAAAARwQ8BeV0iFbkoCmUdgvwzLlsKZOEoY7c,NAME_SEARCH,6Tjv?_ntb=fewKbqquRsOWCbPOwm6nvg%3D%3D"
Rob Pulford,Partner,United States,Goldman Sachs,"https://www.linkedin.com/sales/people/ACwAAAYuXlQBbtelHNBae72GiQXSiDTzPlqYggc,NAME_SEARCH,3zPh?_ntb=fewKbqquRsOWCbPOwm6nvg%3D%3D"
Andrew Weber,Vice President,"New York, New York, United States",Goldman Sachs,"https://www.linkedin.com/sales/people/ACwAAADzqFIBMf2AFmrlcn98tvxmWVL_xMBhSjM,NAME_SEARCH,Hbry?_ntb=fewKbqquRsOWCbPOwm6nvg%3D%3D"
Majid Sebti,Managing Director,"London, England, United Kingdom",Goldman Sachs,"https://www.linkedin.com/sales/people/ACwAAAL-KdABchTDZJ7W8S5q2wya2SdRAUOVwGo,NAME_SEARCH,E75f?_ntb=fewKbqquRsOWCbPOwm6nvg%3D%3D"
Vijay Bala,Vice President - Senior Engineer (Information Security & Risk Management),"New York, New York, United States",Goldman Sachs,"https://www.linkedin.com/sales/people/ACwAAAKK_fUBAEGw1qzypgqMUIZ9UXh5eHM5DLk,NAME_SEARCH,oFwk?_ntb=fewKbqquRsOWCbPOwm6nvg%3D%3D"
TJ Lim,Head of Digital Product - Global Private Wealth Management,"New York, New York, United States",Goldman Sachs,"https://www.linkedin.com/sales/people/ACwAAABgJj4BMpsGV_UxG2me67JkxMsE-oy9LmU,NAME_SEARCH,UslV?_ntb=fewKbqquRsOWCbPOwm6nvg%3D%3D"
Rajeev K Verma,Vice President - Agile Delivery & Transformation,"Bengaluru, Karnataka, India",Goldman Sachs,"https://www.linkedin.com/sales/people/ACwAAAGmFgEBzYlpk813UqmVjGzckHP2ebQ7Dr8,NAME_SEARCH,wzcN?_ntb=fewKbqquRsOWCbPOwm6nvg%3D%3D"
Prerak Vohra,Vice President,"New York, New York, United States",Goldman Sachs,"https://www.linkedin.com/sales/people/ACwAAAMn8EYBuiuDDuNMXscFLB4Uqke4_zrB1hI,NAME_SEARCH,kYX_?_ntb=fewKbqquRsOWCbPOwm6nvg%3D%3D"
Luc Teboul,Managing Director - Transaction Banking - Application Development Engineering,New York City Metropolitan Area,Goldman Sachs,"https://www.linkedin.com/sales/people/ACwAAACuaoYByEfZGXUjf5dSX4oBOiDH0EVUYfs,NAME_SEARCH,w9nZ?_ntb=fewKbqquRsOWCbPOwm6nvg%3D%3D"
Jade Mandel,"Vice President, Venture Capital and Growth Equity (GS Growth)","New York, New York, United States",Goldman Sachs,"https://www.linkedin.com/sales/people/ACwAAAWZIgUB8aV7clZlhCBrX3PpVbBggkx84NI,NAME_SEARCH,71qN?_ntb=fewKbqquRsOWCbPOwm6nvg%3D%3D"
Tavis Cannell,"Co-Head Europe, MBD Real Estate","London, England Metropolitan Area",Goldman Sachs,"https://www.linkedin.com/sales/people/ACwAAAABd1EBOBWplQ9T1G6aF8_7QIoSOs6RsrA,NAME_SEARCH,k5s7?_ntb=fewKbqquRsOWCbPOwm6nvg%3D%3D"
Reyna Pacheco,Analyst | Equity Derivatives,"New York, New York, United States",Goldman Sachs,"https://www.linkedin.com/sales/people/ACwAAA3D_jcB2sawPfWat6ctLDym1J1aIJ07YvI,NAME_SEARCH,Ikh4?_ntb=fewKbqquRsOWCbPOwm6nvg%3D%3D"
Charles Elkan,Managing Director,"New York, New York, United States",Goldman Sachs,"https://www.linkedin.com/sales/people/ACwAAAAQYxUB_YZzox4mVad73Qgoik2mt-gtWRY,NAME_SEARCH,PkQf?_ntb=fewKbqquRsOWCbPOwm6nvg%3D%3D"
Sumeya Ibrahim,Diversity Relationship Manager - EMEA - Experienced Hire Recruitment Team (Via ADP RPO),"London, England Metropolitan Area",Goldman Sachs,"https://www.linkedin.com/sales/people/ACwAAAE1xNIBMWJhW_NRcL48xV66qcZ7AZK03mQ,NAME_SEARCH,-xr4?_ntb=fewKbqquRsOWCbPOwm6nvg%3D%3D"
Padraig O'Connor,Vice President/Executive Director,"London, England Metropolitan Area",Goldman Sachs,"https://www.linkedin.com/sales/people/ACwAAAfOOV0BW8SijyGW2Td6QcakZNbjs6XQn_g,NAME_SEARCH,XzJv?_ntb=fewKbqquRsOWCbPOwm6nvg%3D%3D"
Matt O'Neill,Managing Director - Strategic Investments & Partnerships,"Hong Kong, Hong Kong SAR",Goldman Sachs,"https://www.linkedin.com/sales/people/ACwAAABCh80B54H40Cfa957UtnZcPNDo6vjrOT0,NAME_SEARCH,-8sU?_ntb=fewKbqquRsOWCbPOwm6nvg%3D%3D"
Phil Venables,Board Director - Goldman Sachs Bank,"New York, New York, United States",Goldman Sachs,"https://www.linkedin.com/sales/people/ACwAAAAD3xwBJ6IiP7TdJZ9_DKlAkvzc7L0GxuQ,NAME_SEARCH,70Nx?_ntb=fewKbqquRsOWCbPOwm6nvg%3D%3D"
Yun Zhang,Managing Director,New York City Metropolitan Area,Goldman Sachs,"https://www.linkedin.com/sales/people/ACwAAANoGGQBcVpP2s352YMt8dn4C2eJGiMXirY,NAME_SEARCH,UFlV?_ntb=fewKbqquRsOWCbPOwm6nvg%3D%3D"
Earl Hunt,Partner,"New York, New York, United States",Goldman Sachs,"https://www.linkedin.com/sales/people/ACwAAALQJp0BF4tKtXeuR51hYd2XdcrR5ePKBMg,NAME_SEARCH,-684?_ntb=fewKbqquRsOWCbPOwm6nvg%3D%3D"
Carly B.,"Consumer Digital Finance, VP of Change Management and Continuous Improvement","Salt Lake City, Utah, United States",Goldman Sachs,"https://www.linkedin.com/sales/people/ACwAAAyAtZgBdJhFtD0rHpegr-IBTzgof5RbG0Y,NAME_SEARCH,jhkt?_ntb=fewKbqquRsOWCbPOwm6nvg%3D%3D"
Richard Manley,Partner,Greater Toronto Area Metropolitan Area,Goldman Sachs,"https://www.linkedin.com/sales/people/ACwAAAB7s0EBeM8bGhVYZDmNYksVnrh0Gj6MYv0,NAME_SEARCH,98xE?_ntb=fewKbqquRsOWCbPOwm6nvg%3D%3D"
"Florian P. Meyer, LL.M.",Executive Director,"Frankfurt, Hesse, Germany",Goldman Sachs,"https://www.linkedin.com/sales/people/ACwAAAkSpukBXTBM3AqiynfDPCtCiiZfyaP00eU,NAME_SEARCH,SsY2?_ntb=fewKbqquRsOWCbPOwm6nvg%3D%3D"
Jon Unger,"Senior Engineer, Vice President","Dallas, Texas, United States",Goldman Sachs,"https://www.linkedin.com/sales/people/ACwAAAAkvYoBpW5VErn7edtuQhhKD74TtiFxj1M,NAME_SEARCH,eXl5?_ntb=fewKbqquRsOWCbPOwm6nvg%3D%3D"
Tim Verheyden,Executive Director,"London, England Metropolitan Area",Goldman Sachs,"https://www.linkedin.com/sales/people/ACwAAAeHtpEBYv9i4q8bNQb64zFzren9QDTkeCc,NAME_SEARCH,9qxq?_ntb=fewKbqquRsOWCbPOwm6nvg%3D%3D"
Lin Yue,"Executive Director, Goldman Sachs Asset Management","London, England, United Kingdom",Goldman Sachs,"https://www.linkedin.com/sales/people/ACwAAADvNw4BCZl4R4TUXuM_iekUbZtCZgwI5Zw,NAME_SEARCH,-ZBN?_ntb=fewKbqquRsOWCbPOwm6nvg%3D%3D"
Barbara Herndon,VP - Strategic Sourcing (Technology),New York City Metropolitan Area,Goldman Sachs,"https://www.linkedin.com/sales/people/ACwAAAg6ikUBzwjdxPmQ6N7Ph_SxBD0_LhETGfA,NAME_SEARCH,59gb?_ntb=fewKbqquRsOWCbPOwm6nvg%3D%3D"
Ashwin Gupta,Managing Director,New York City Metropolitan Area,Goldman Sachs,"https://www.linkedin.com/sales/people/ACwAAAEsafkB2GfscZXqJ7SZzPB90WFeo-4YwC0,NAME_SEARCH,u9Nf?_ntb=fewKbqquRsOWCbPOwm6nvg%3D%3D"
Alex Cohen,"Vice President, Customer Acquisition and Brand, Marcus by Goldman Sachs",New York City Metropolitan Area,Goldman Sachs,"https://www.linkedin.com/sales/people/ACwAAAAkZ5YB_gIHQUt5YehV0j3l411HRCLWzrM,NAME_SEARCH,2CXD?_ntb=fewKbqquRsOWCbPOwm6nvg%3D%3D"
Christian Garcia Scheer,VP - Head of Creative Services,"Chicago, Illinois, United States",Goldman Sachs,"https://www.linkedin.com/sales/people/ACwAAAJmp7UBLYwcA4ClWHoa_6auhjL2zg913r4,NAME_SEARCH,AV7S?_ntb=fewKbqquRsOWCbPOwm6nvg%3D%3D"
Jemma Wolfe,Launch With GS,"New York, New York, United States",Goldman Sachs,"https://www.linkedin.com/sales/people/ACwAAAObifcB7Bw97Q_mTJpeBxCinTC_ySVq29E,NAME_SEARCH,oriQ?_ntb=fewKbqquRsOWCbPOwm6nvg%3D%3D"
Grégoire Louisy,Special Situations Group - Associate,United Kingdom,Goldman Sachs,"https://www.linkedin.com/sales/people/ACwAAAlH0RcBQ4L0lftr6yWuaaOPaBzh1Tp89ZQ,NAME_SEARCH,sAtM?_ntb=fewKbqquRsOWCbPOwm6nvg%3D%3D"
Dharmpal Patra (DP),Vice President Global Procurement,"Bengaluru, Karnataka, India",Goldman Sachs,"https://www.linkedin.com/sales/people/ACwAAAKpuc0Bhs9CdwOCgE7b5sHrws6SNt5j3Lk,NAME_SEARCH,IIt3?_ntb=fewKbqquRsOWCbPOwm6nvg%3D%3D"
Chris T.,"Vice President, Management and Strategy Group, SDC",New York City Metropolitan Area,Goldman Sachs,"https://www.linkedin.com/sales/people/ACwAAACJWP8B25fuXXqc-_1P7udQnFex-_1zmcc,NAME_SEARCH,3313?_ntb=fewKbqquRsOWCbPOwm6nvg%3D%3D"
Hasan A. Malik,Managing Director,"New York, New York, United States",Goldman Sachs,"https://www.linkedin.com/sales/people/ACwAAAZ8IukBpFwTF1X1Qko7gr7TF7HJvRpfVZ4,NAME_SEARCH,jemG?_ntb=fewKbqquRsOWCbPOwm6nvg%3D%3D"
Kene Ejikeme,Managing Director,"London, England Metropolitan Area",Goldman Sachs,"https://www.linkedin.com/sales/people/ACwAAABZkGkB1Kg4JH2pj35NZ3dBqNeRywIjHy4,NAME_SEARCH,98LM?_ntb=fewKbqquRsOWCbPOwm6nvg%3D%3D"
Marco Quirico,Executive Director,"London, England, United Kingdom",Goldman Sachs,"https://www.linkedin.com/sales/people/ACwAAAAFFekBIlMdwrkiV-xukMfHhfNmLP7NM_8,NAME_SEARCH,N-Ud?_ntb=fewKbqquRsOWCbPOwm6nvg%3D%3D"
Gopi Tammana,"Managing Director, Chief credit officer, Marcus by Goldman Sachs",Greater Philadelphia,Goldman Sachs,"https://www.linkedin.com/sales/people/ACwAAABfk1EB1rz7swKs_bv0mBT0-oIuw33XMvY,NAME_SEARCH,4nu6?_ntb=fewKbqquRsOWCbPOwm6nvg%3D%3D"
Abhinav Anand,"Managing Director - Head of Lending, Marcus by Goldman Sachs",New York City Metropolitan Area,Goldman Sachs,"https://www.linkedin.com/sales/people/ACwAAACV93QB-zGBwB_V4Yc8x9dzvuG4NOf-crE,NAME_SEARCH,xSKU?_ntb=fewKbqquRsOWCbPOwm6nvg%3D%3D"
Katherine Tait,Executive Director,"London, England, United Kingdom",Goldman Sachs,"https://www.linkedin.com/sales/people/ACwAAAa8T4IBtluWxwkStFeL5VQeewk5bQnjAZg,NAME_SEARCH,6aY4?_ntb=fewKbqquRsOWCbPOwm6nvg%3D%3D"
Bhanu Birla,Executive Director - Business Finance and Spend Management (Transformation Team),"London, England, United Kingdom",Goldman Sachs,"https://www.linkedin.com/sales/people/ACwAAAKmSsQBFkpgM60fsjFPv7Uy8Gdlyxq-2aU,NAME_SEARCH,ZF8X?_ntb=fewKbqquRsOWCbPOwm6nvg%3D%3D"
Steven Weiss,Managing Director Investment Banking,"New York, New York, United States",Goldman Sachs,"https://www.linkedin.com/sales/people/ACwAAAbs9R8Be6Fy22lTbKDA8-EdOZN7upW8HMk,NAME_SEARCH,z09K?_ntb=fewKbqquRsOWCbPOwm6nvg%3D%3D"
Joanne Hannaford,Head of EMEA Technology & Global Head of Quality Assurance Engineering,"London, England Metropolitan Area",Goldman Sachs,"https://www.linkedin.com/sales/people/ACwAAAFQJkUB-sIrqFhlqwjcVsH8ar1S3cZxWiE,NAME_SEARCH,w6pn?_ntb=fewKbqquRsOWCbPOwm6nvg%3D%3D"
Rivka Gewirtz Little,"Vice President, Fraud Operations & Strategy","New York, New York, United States",Goldman Sachs,"https://www.linkedin.com/sales/people/ACwAAAEIUJ0B3HobdJ7WkMq3AupEaTWKyPPM-VE,NAME_SEARCH,2ukx?_ntb=fewKbqquRsOWCbPOwm6nvg%3D%3D"
Mary Mosope Adeyemi,Executive Director - Credit Risk Management,United Kingdom,Goldman Sachs,"https://www.linkedin.com/sales/people/ACwAAALRIBEBjo5bvP0AWq-9rWeM4_vZBb8QtN8,NAME_SEARCH,PzyD?_ntb=fewKbqquRsOWCbPOwm6nvg%3D%3D"
Olga (Lozovskaya) Kaplan,Private Equity Investor (GS Growth),"San Francisco, California, United States",Goldman Sachs,"https://www.linkedin.com/sales/people/ACwAAAGcW8kBXHQCBYK9pRHpb9KjEiwEWgc6utQ,NAME_SEARCH,Srxg?_ntb=fewKbqquRsOWCbPOwm6nvg%3D%3D"
Piers Bramhall,Executive Director - EMEA Head of Revenue & Global Markets - Experienced Hire Recruiting,"London, England Metropolitan Area",Goldman Sachs,"https://www.linkedin.com/sales/people/ACwAAAF_rDEBaqxa8uhLXosFolCP0nBzQr-F-2w,NAME_SEARCH,ljJZ?_ntb=fewKbqquRsOWCbPOwm6nvg%3D%3D"
Pietro Di Marco,Executive Director,"London, England, United Kingdom",Goldman Sachs,"https://www.linkedin.com/sales/people/ACwAAAghWv4BrD1VjfuDnR74mZUQF0cNl8vCjGQ,NAME_SEARCH,ca6y?_ntb=fewKbqquRsOWCbPOwm6nvg%3D%3D"
Syed T Husain,Vice President/Senior Engineer,"Irving, Texas, United States",Goldman Sachs,"https://www.linkedin.com/sales/people/ACwAAAADwvIBGRUpPQI-EZR2jllw_t80Yiw_o3I,NAME_SEARCH,vxAP?_ntb=fewKbqquRsOWCbPOwm6nvg%3D%3D"
Tanguy Croguennoc,M&A Associate,"London, England Metropolitan Area",Goldman Sachs,"https://www.linkedin.com/sales/people/ACwAAAW4HJYB1ms3_OTEoBe13HKMecLDq75TPWI,NAME_SEARCH,P-YL?_ntb=fewKbqquRsOWCbPOwm6nvg%3D%3D"
Trent Wilkins,Executive Director,"London, England Metropolitan Area",Goldman Sachs,"https://www.linkedin.com/sales/people/ACwAAAneeGEBNR_6dHenJ1jsbX2X67knLSHqnwo,NAME_SEARCH,fbuM?_ntb=fewKbqquRsOWCbPOwm6nvg%3D%3D"
Samantha Santos,"Vice President, Diversity & Inclusion",New York City Metropolitan Area,Goldman Sachs,"https://www.linkedin.com/sales/people/ACwAAACeipEBwxAJp5tzdSdyDO2ZgNHu5ruCasw,NAME_SEARCH,v7h8?_ntb=fewKbqquRsOWCbPOwm6nvg%3D%3D"
Saumya Aggarwal,"Vice President - Americas Liquidity Solutions Sales, Goldman Sachs Asset Management",San Francisco Bay Area,Goldman Sachs,"https://www.linkedin.com/sales/people/ACwAAA-BNF4BDt1W_0t5nGfVw5HAyKQ4zDTz8uk,NAME_SEARCH,cVtf?_ntb=fewKbqquRsOWCbPOwm6nvg%3D%3D"
Huw Pill,Chief European Economist,Frankfurt Rhine-Main Metropolitan Area,Goldman Sachs,"https://www.linkedin.com/sales/people/ACwAAACuW-oBFpMFot-I-BSo3_427l8ejcNsjOU,NAME_SEARCH,IPz_?_ntb=fewKbqquRsOWCbPOwm6nvg%3D%3D"
Karan Chopra,"SVP, Head Of Digital- Consumer Insurance & Wealth Management","New York, New York, United States",Goldman Sachs,"https://www.linkedin.com/sales/people/ACwAAAHdNGcBtVx3pAi5W39IzMd6ZXpEIYC1P48,NAME_SEARCH,ALpR?_ntb=fewKbqquRsOWCbPOwm6nvg%3D%3D"
Robert Fuentes,Managing Director,New York City Metropolitan Area,Goldman Sachs,"https://www.linkedin.com/sales/people/ACwAAAEt8eMBSxlCcvzNH2vRLwHvh4_KOv_i4Go,NAME_SEARCH,6vyy?_ntb=fewKbqquRsOWCbPOwm6nvg%3D%3D"
Vishal Arora,Vice President,"London, England Metropolitan Area",Goldman Sachs,"https://www.linkedin.com/sales/people/ACwAAAOsoYUBPxYyR8uXOxqafbmGYa_gDqzQ7yE,NAME_SEARCH,fqw5?_ntb=fewKbqquRsOWCbPOwm6nvg%3D%3D"
Michael D. Rappa,Vice President,"DuPage County, Illinois, United States",Goldman Sachs,"https://www.linkedin.com/sales/people/ACwAAAxkbK8B9JcDWDhcyROakEuEQgGUKkmOdZI,NAME_SEARCH,jhkJ?_ntb=fewKbqquRsOWCbPOwm6nvg%3D%3D"
Hugh Lawson,"Partner, Global Head of ESG & Impact and Institutional Client Strategy, Goldman Sachs Asset Mgmt.",New York City Metropolitan Area,Goldman Sachs,"https://www.linkedin.com/sales/people/ACwAAA_VKWABwxrxw-CpbzpJjcr9hbuqGlYtwUE,NAME_SEARCH,USW8?_ntb=fewKbqquRsOWCbPOwm6nvg%3D%3D"
Ashish Shah,"Co-CIO Fixed Income, Head of Corporate Credit","New York, New York, United States",Goldman Sachs,"https://www.linkedin.com/sales/people/ACwAAAAAek8B_x8HxrTYxWTxL44E3UiW83V_4MQ,NAME_SEARCH,cmrt?_ntb=fewKbqquRsOWCbPOwm6nvg%3D%3D"
David Bicarregui,International Treasurer,"London, England Metropolitan Area",Goldman Sachs,"https://www.linkedin.com/sales/people/ACwAAAlOgfoBFtkCukWE5ZfPqAAG-nXENnfTGM8,NAME_SEARCH,GQ_T?_ntb=fewKbqquRsOWCbPOwm6nvg%3D%3D"
Dr Andrew McLennan,"Managing Director | Head of Engineering for EMEA, Merchant Banking Division","London, England Metropolitan Area",Goldman Sachs,"https://www.linkedin.com/sales/people/ACwAAAKlbKkBJ_lUTgFQpS1yKV7VYiNxiLT5ErU,NAME_SEARCH,z4xw?_ntb=fewKbqquRsOWCbPOwm6nvg%3D%3D"
Erika Irish Brown (she/her/hers),Chief Diversity Officer,"New York, New York, United States",Goldman Sachs,"https://www.linkedin.com/sales/people/ACwAAABOvjkB_GV1YbNJsJ6UWSRbv7m3neelOpo,NAME_SEARCH,0RJT?_ntb=fewKbqquRsOWCbPOwm6nvg%3D%3D"
Stefan Bollinger 博思帆,Co-Head of Private Wealth Management EMEA,"London, England Metropolitan Area",Goldman Sachs,"https://www.linkedin.com/sales/people/ACwAAAA5DUsBoLcnOmflpUhOkXabeoOuE4hFG8U,NAME_SEARCH,dcUz?_ntb=fewKbqquRsOWCbPOwm6nvg%3D%3D"
Heath Terry,Managing Director,"New York, New York, United States",Goldman Sachs,"https://www.linkedin.com/sales/people/ACwAAAChLRkBgZkaJ-fd6chIc_3WRNaZ3WBswfQ,NAME_SEARCH,c8Ha?_ntb=fewKbqquRsOWCbPOwm6nvg%3D%3D"
Eva Brunner,Institutional & Third Party Distribution Sales / Investor Relations,"London, England Metropolitan Area",Goldman Sachs,"https://www.linkedin.com/sales/people/ACwAAAvph0gBVZi23Dt7d4Jw381CzMpEYNA1MD8,NAME_SEARCH,Z2dj?_ntb=fewKbqquRsOWCbPOwm6nvg%3D%3D"
Alexander Bardack,Vice President,"The Randstad, Netherlands",Goldman Sachs,"https://www.linkedin.com/sales/people/ACwAAAOJEhwBo5hjZiobLuZcozSJKi1tBpmk5js,NAME_SEARCH,Wj8l?_ntb=fewKbqquRsOWCbPOwm6nvg%3D%3D"
Brian Pope,Managing Director,"New York, New York, United States",Goldman Sachs,"https://www.linkedin.com/sales/people/ACwAAAClvsMB6NLiEIBvgj3ZO1N7ISbHMsMnfpw,NAME_SEARCH,vB5z?_ntb=fewKbqquRsOWCbPOwm6nvg%3D%3D"
Tobi Rufus,"Executive Director & Senior Counsel, Legal Division","London, England Metropolitan Area",Goldman Sachs,"https://www.linkedin.com/sales/people/ACwAAAQHs14BK1uRuXJP9yM7g_O4mDHeU2JVefA,NAME_SEARCH,ZCmc?_ntb=fewKbqquRsOWCbPOwm6nvg%3D%3D"
Seth R.,Managing Director,New York City Metropolitan Area,Goldman Sachs,"https://www.linkedin.com/sales/people/ACwAAAGTr8sBCWpSTWn421YGyADupTp0dVooibA,NAME_SEARCH,zGLj?_ntb=fewKbqquRsOWCbPOwm6nvg%3D%3D"
Nick Baltas,"Managing Director, Head of R&D and XA Portfolio Construction - Systematic Trading Strategies (STS)","London, England, United Kingdom",Goldman Sachs,"https://www.linkedin.com/sales/people/ACwAAAIBlr0B2uB-RyIl3R1mxyUbp0p2PGO2SI0,NAME_SEARCH,D4G8?_ntb=fewKbqquRsOWCbPOwm6nvg%3D%3D"
Daniela Costa,Managing Director,"London, England Metropolitan Area",Goldman Sachs,"https://www.linkedin.com/sales/people/ACwAAAATp80BUj4CSmz6eI-Oli2JmI7zcqWtaAw,NAME_SEARCH,ZemI?_ntb=fewKbqquRsOWCbPOwm6nvg%3D%3D"
Darren Allaway,Managing Director,"London, England, United Kingdom",Goldman Sachs,"https://www.linkedin.com/sales/people/ACwAAAAIq0EBBjbUJvjKQST2GZzfbO5mIwZa8aU,NAME_SEARCH,BU9o?_ntb=fewKbqquRsOWCbPOwm6nvg%3D%3D"
Dustin Godevais,"Vice President, Consumer Technology, Marcus by Goldman Sachs","New York, New York, United States",Goldman Sachs,"https://www.linkedin.com/sales/people/ACwAAAXrpuIBe61nOQZrAYmjtF9Sb1gLLCL9JsY,NAME_SEARCH,VuUa?_ntb=fewKbqquRsOWCbPOwm6nvg%3D%3D"
Andy Boura,SE Executive Director: Global Head of App Sec | EMEA Head of Tech Risk; Consumer Banking,"London, England Metropolitan Area",Goldman Sachs,"https://www.linkedin.com/sales/people/ACwAAASuy5MB4lVlMFN-v62k46CsRC9VkOA6ybQ,NAME_SEARCH,rsYe?_ntb=fewKbqquRsOWCbPOwm6nvg%3D%3D"
Abbi McMillan,Graduate Recruiting - Investment Banking Division,"London, England, United Kingdom",Goldman Sachs,"https://www.linkedin.com/sales/people/ACwAAAm5wJQBD1YxRzkO7DPXw1QQ7I0VQAraHPQ,NAME_SEARCH,cfsg?_ntb=fewKbqquRsOWCbPOwm6nvg%3D%3D"
Wael Younan,Managing Director,New York City Metropolitan Area,Goldman Sachs,"https://www.linkedin.com/sales/people/ACwAAAAmNcUBD8yHNYrqsgzGPm5dqJ27zZh960Y,NAME_SEARCH,93OI?_ntb=fewKbqquRsOWCbPOwm6nvg%3D%3D"
Brian Steele,Managing Director,"Port Washington, New York, United States",Goldman Sachs,"https://www.linkedin.com/sales/people/ACwAAARWklABX7kJuDIw_smMGCUrEpIBNV67CMU,NAME_SEARCH,ofTb?_ntb=fewKbqquRsOWCbPOwm6nvg%3D%3D"
Stuart Bird,Executive Director - Global Liquidity Sales,"London, England, United Kingdom",Goldman Sachs,"https://www.linkedin.com/sales/people/ACwAAALVpocB3YPmDfEaOKE26TcU-8Zxf4onmNw,NAME_SEARCH,ZsDb?_ntb=fewKbqquRsOWCbPOwm6nvg%3D%3D"
Sanjay Gosalia,X,"New York, New York, United States",Goldman Sachs,"https://www.linkedin.com/sales/people/ACwAAAAW4kUBOWw7CeiHERXTLeBhBGyolSsev7A,NAME_SEARCH,jEW5?_ntb=fewKbqquRsOWCbPOwm6nvg%3D%3D"
Kirk Lepke,"Executive Director, GS Growth","London, England Metropolitan Area",Goldman Sachs,"https://www.linkedin.com/sales/people/ACwAAAG5734ByDAQ-cPydbw4WNkDPd4gM9z1lzQ,NAME_SEARCH,tb94?_ntb=fewKbqquRsOWCbPOwm6nvg%3D%3D"
Jorge Alcover,Managing Director,"London, England Metropolitan Area",Goldman Sachs,"https://www.linkedin.com/sales/people/ACwAAABmbggB0y0gKoyKQR5OHJPXG5hr3M_qH-I,NAME_SEARCH,7X05?_ntb=fewKbqquRsOWCbPOwm6nvg%3D%3D"
Smita Menon (she),"Head - Diversity & Inclusion, Learning & Engagement, India","Bengaluru, Karnataka, India",Goldman Sachs,"https://www.linkedin.com/sales/people/ACwAAABQFi8B5_ssHbCKqKTj0ozKJPbuZCkI5g4,NAME_SEARCH,mE0j?_ntb=fewKbqquRsOWCbPOwm6nvg%3D%3D"
John Giannuzzi,Vice President - Merchant Banking Division,"San Francisco, California, United States",Goldman Sachs,"https://www.linkedin.com/sales/people/ACwAAAw7qfsB1eH3wl0wyHTX79Pui2U1sapxfIM,NAME_SEARCH,5hcA?_ntb=fewKbqquRsOWCbPOwm6nvg%3D%3D"
Sarah Card,Managing Director,"West Midlands, England, United Kingdom",Goldman Sachs,"https://www.linkedin.com/sales/people/ACwAAATT_AoBEsruOwAjTWGW-ljB5hDUb4pbz_Q,NAME_SEARCH,_r3T?_ntb=fewKbqquRsOWCbPOwm6nvg%3D%3D"
Morgan Gerlak,Investor - GS Growth,"San Francisco, California, United States",Goldman Sachs,"https://www.linkedin.com/sales/people/ACwAAAjKPlUBROImBMTv-15J-ToUzES-lKa_Y7Y,NAME_SEARCH,DObn?_ntb=fewKbqquRsOWCbPOwm6nvg%3D%3D"
Paul Albright,Operating Partner,"Los Altos, California, United States",Goldman Sachs,"https://www.linkedin.com/sales/people/ACwAAACWmQwBDG28_GNlpcoJrQ2L7MPi147_cus,NAME_SEARCH,59ya?_ntb=fewKbqquRsOWCbPOwm6nvg%3D%3D"
Irfan Baris Rendeci,Managing Director,New York City Metropolitan Area,Goldman Sachs,"https://www.linkedin.com/sales/people/ACwAAACu3gEBvUfxQphC9yYZyaFHC9iAJalsF1Q,NAME_SEARCH,eKWS?_ntb=fewKbqquRsOWCbPOwm6nvg%3D%3D"
Asahi Pompey,Global Head of Corporate Engagement & President of the Goldman Sachs Foundation,New York City Metropolitan Area,Goldman Sachs,"https://www.linkedin.com/sales/people/ACwAAAslfqUBLqH9qYhAN4yJ_viPMdlnmdBkaI4,NAME_SEARCH,KVcn?_ntb=fewKbqquRsOWCbPOwm6nvg%3D%3D"
O. Ediz Ozkaya,"Head of Machine Learning Strats, Co-Head of Systematic Quant Strats","London, England Metropolitan Area",Goldman Sachs,"https://www.linkedin.com/sales/people/ACwAAAAboMUBBJIf26-0fRr0P6XwujqgLmajKgg,NAME_SEARCH,O8Rs?_ntb=fewKbqquRsOWCbPOwm6nvg%3D%3D"
Valerie Kerres,Private Equity Associate,"London, England Metropolitan Area",Goldman Sachs,"https://www.linkedin.com/sales/people/ACwAABCBdIQBlhLMhBJqVKjcs-8TAc21-Q5l-k0,NAME_SEARCH,ZiXy?_ntb=fewKbqquRsOWCbPOwm6nvg%3D%3D"
Alexander Channing,"Executive Director, Quant Strategist",New York City Metropolitan Area,Goldman Sachs,"https://www.linkedin.com/sales/people/ACwAAAX99wIBWOsbb8P4ubh4c65O53VuQiFcQyE,NAME_SEARCH,q-Br?_ntb=fewKbqquRsOWCbPOwm6nvg%3D%3D"
Christian Resch,"Managing Director, GS Growth, Merchant Banking Division","London, England, United Kingdom",Goldman Sachs,"https://www.linkedin.com/sales/people/ACwAAAmjY2YBg3HZufklbK1kkRUu80nAGrkkVqc,NAME_SEARCH,Oqwv?_ntb=fewKbqquRsOWCbPOwm6nvg%3D%3D"
Nameer Siddiqui,Global Co-Head of Energy Investment Banking,"Houston, Texas, United States",Goldman Sachs,"https://www.linkedin.com/sales/people/ACwAAANde_8B65Ws7PNlIOmg1UlrtGzn_XpsU70,NAME_SEARCH,SNWx?_ntb=fewKbqquRsOWCbPOwm6nvg%3D%3D"
Alex Porcelain,Vice President,"New York, New York, United States",Goldman Sachs,"https://www.linkedin.com/sales/people/ACwAAAXCjJEBkh701hTeQdw51p4MKVaROFnjcT0,NAME_SEARCH,slS0?_ntb=fewKbqquRsOWCbPOwm6nvg%3D%3D"
William Littleton,Vice President,"New York, New York, United States",Goldman Sachs,"https://www.linkedin.com/sales/people/ACwAAAHgF_EBq5C1QmiPH5fCLLkFn_izDbd4XbU,NAME_SEARCH,VnJ1?_ntb=fewKbqquRsOWCbPOwm6nvg%3D%3D"
Mark Ivezaj,COO-Global Markets Division Sustainable Solutions Council/ Equities Structuring & Sales Strats,"New York, New York, United States",Goldman Sachs,"https://www.linkedin.com/sales/people/ACwAAAgYYucBfIKWAEnG6z_sxz8exR023F5Q8Kw,NAME_SEARCH,NUHl?_ntb=fewKbqquRsOWCbPOwm6nvg%3D%3D"
Matt Turk,Machine Learning Strat (Quant Analyst),"New York, New York, United States",Goldman Sachs,"https://www.linkedin.com/sales/people/ACwAABXje1UBowAOJDiNpxIYzbjIG0OPRcwUJf8,NAME_SEARCH,pygA?_ntb=fewKbqquRsOWCbPOwm6nvg%3D%3D"
Pete Tiwari,"Head of Digital Product Management, Deposits, Marcus by Goldman Sachs",Greater Chicago Area,Goldman Sachs,"https://www.linkedin.com/sales/people/ACwAAABkRrwBae9IXGWOjZ4w2I2GYTlOaJpGQZs,NAME_SEARCH,lvwv?_ntb=fewKbqquRsOWCbPOwm6nvg%3D%3D"
Victoria Drewsen,"Associate, Firmwide Strategy",United Kingdom,Goldman Sachs,"https://www.linkedin.com/sales/people/ACwAAAvfbFUB_zUOv44kk0roUNiB_75wqdiZEzg,NAME_SEARCH,l8dm?_ntb=fewKbqquRsOWCbPOwm6nvg%3D%3D"
Marjie Howie,"Vice President - Global Head, Federation Recruiting",New York City Metropolitan Area,Goldman Sachs,"https://www.linkedin.com/sales/people/ACwAAAEAK_cBY_A5F62nESVb_YGUQQLcYbtOhl0,NAME_SEARCH,oL5f?_ntb=fewKbqquRsOWCbPOwm6nvg%3D%3D"
Lori Pomerantz,"Portfolio Manager, GSAM Leveraged Finance","New York, New York, United States",Goldman Sachs,"https://www.linkedin.com/sales/people/ACwAAAAZSo8BnIU11mvA0dHCDjsqVSZPfL_Fyf0,NAME_SEARCH,Zakk?_ntb=fewKbqquRsOWCbPOwm6nvg%3D%3D"
Elaine Rene,"Managing Director, Credit Risk","Dallas, Texas, United States",Goldman Sachs,"https://www.linkedin.com/sales/people/ACwAAA46HTMBzW0PGNMbWmNZM9831LShe2vdQ7Q,NAME_SEARCH,jXi-?_ntb=fewKbqquRsOWCbPOwm6nvg%3D%3D"
Dustin Cohn,Head of Brand and Marketing: Consumer and Investment Management,"New York, New York, United States",Goldman Sachs,"https://www.linkedin.com/sales/people/ACwAAACIAl4BdS4-3uQwx3-Mthu8vU4CPGpD5CI,NAME_SEARCH,f6jE?_ntb=fewKbqquRsOWCbPOwm6nvg%3D%3D"
Alberto Gandolfi,Managing Director,"London, England Metropolitan Area",Goldman Sachs,"https://www.linkedin.com/sales/people/ACwAAAGxTmEBvWwkUt0u0UOd3l0alRJkn_JjZp4,NAME_SEARCH,w5tA?_ntb=fewKbqquRsOWCbPOwm6nvg%3D%3D"
"Graig Suvannavejh, PhD",Vice President,"New York, New York, United States",Goldman Sachs,"https://www.linkedin.com/sales/people/ACwAAAAKqyIBW98V4d2nUTfeuATkNfKcrIdKb0M,NAME_SEARCH,Ft2-?_ntb=fewKbqquRsOWCbPOwm6nvg%3D%3D"
John Willian,Advisory Director,"Short Hills, New Jersey, United States",Goldman Sachs,"https://www.linkedin.com/sales/people/ACwAAAWhDjkB9jP1Ky2SMpVfDJNAcbGGVqsA_bo,NAME_SEARCH,I_24?_ntb=fewKbqquRsOWCbPOwm6nvg%3D%3D"
Maeve DuVally,"Managing Director, Corporate Communications",United States,Goldman Sachs,"https://www.linkedin.com/sales/people/ACwAAAU6DGoBFOpxtLpmLgfEFInyFgadlVisfFo,NAME_SEARCH,3-2m?_ntb=fewKbqquRsOWCbPOwm6nvg%3D%3D"
Sachin Mohindra,Executive Director,"Woodham, England, United Kingdom",Goldman Sachs,"https://www.linkedin.com/sales/people/ACwAAAnRrjkBJL7qfzBxrSRG-WhL_9x_RhzKzZE,NAME_SEARCH,1Mey?_ntb=fewKbqquRsOWCbPOwm6nvg%3D%3D"
Farshid Asl,Partner,"New York, New York, United States",Goldman Sachs,"https://www.linkedin.com/sales/people/ACwAAACvgLABLjnWuctoc7TtrKuq49zJoBDI7m4,NAME_SEARCH,lWKQ?_ntb=fewKbqquRsOWCbPOwm6nvg%3D%3D"
Mihir Lal,Private Equity Investment Professional,"London, England Metropolitan Area",Goldman Sachs,"https://www.linkedin.com/sales/people/ACwAAAFHR84Bf74hP--IKdVIh1-x-nY6OaQQij0,NAME_SEARCH,Fr2-?_ntb=fewKbqquRsOWCbPOwm6nvg%3D%3D"
Scott Young,"Managing Dir-Strategy, M&A, Partnership",United States,Goldman Sachs,"https://www.linkedin.com/sales/people/ACwAAABcuswB1QcZ6-W8IgWnFDYHdeIPcv0y20E,NAME_SEARCH,cqwM?_ntb=fewKbqquRsOWCbPOwm6nvg%3D%3D"
Harry Naysmith,Managing Director,Singapore,Goldman Sachs,"https://www.linkedin.com/sales/people/ACwAAAawh1QBAprfLxP5eAkBLtH_SMiaWYf9mxU,NAME_SEARCH,B2mi?_ntb=fewKbqquRsOWCbPOwm6nvg%3D%3D"
Ram Sundaram,Partner,"New York, New York, United States",Goldman Sachs,"https://www.linkedin.com/sales/people/ACwAAAQdBOkB97NswUR2xymP1JaVI9L1ttbhhaY,NAME_SEARCH,FWJy?_ntb=fewKbqquRsOWCbPOwm6nvg%3D%3D"
Andrew E. Wolff,"Global Co-Head and Head of International, Merchant Banking Division","London, England, United Kingdom",Goldman Sachs,"https://www.linkedin.com/sales/people/ACwAAADFMsgB1eW7nYOeutkDKASbK3MhNlbH2v4,NAME_SEARCH,Jc5C?_ntb=fewKbqquRsOWCbPOwm6nvg%3D%3D"
Claire Zhang,Investment Banking Associate,New York City Metropolitan Area,Goldman Sachs,"https://www.linkedin.com/sales/people/ACwAAAlquxwBOmR_UPm35KUKdywoe5ib2RNOT0g,NAME_SEARCH,epTQ?_ntb=fewKbqquRsOWCbPOwm6nvg%3D%3D"
Zeynep Yenel,Managing Director,"London, England, United Kingdom",Goldman Sachs,"https://www.linkedin.com/sales/people/ACwAABLpUWUBVKmJs-M0K7F2fB4gyqSi4FGkZfA,NAME_SEARCH,aUT3?_ntb=fewKbqquRsOWCbPOwm6nvg%3D%3D"
Sami Ahmad,Managing Director,"New York, New York, United States",Goldman Sachs,"https://www.linkedin.com/sales/people/ACwAAAIOx2UBp_rS6InAereGZte3xZMcwtCUXiA,NAME_SEARCH,_Jdi?_ntb=fewKbqquRsOWCbPOwm6nvg%3D%3D"
Erik Tregaard,"Managing Director, Investment Banking Division","Stockholm County, Sweden",Goldman Sachs,"https://www.linkedin.com/sales/people/ACwAAAC73fUBsK4w6dODITI3rpXzhttItHbkvj8,NAME_SEARCH,nNRg?_ntb=fewKbqquRsOWCbPOwm6nvg%3D%3D"
Chanel Dennis,Vice President,"Brooklyn, New York, United States",Goldman Sachs,"https://www.linkedin.com/sales/people/ACwAAATRj3QB1Scj61iDAL_aULuI5FTO8tAEHxQ,NAME_SEARCH,lGiY?_ntb=fewKbqquRsOWCbPOwm6nvg%3D%3D"
Georgina Iwamoto,Equity Research Analyst,"London, England Metropolitan Area",Goldman Sachs,"https://www.linkedin.com/sales/people/ACwAAASV0_wB-OM2p9ZjuYNoODIY8gHnoYI14y0,NAME_SEARCH,GfOg?_ntb=fewKbqquRsOWCbPOwm6nvg%3D%3D"
Christoph Uloth,"APAC Head DC, Resiliency, Risk, China Infra & Cross Engineering projects",Singapore,Goldman Sachs,"https://www.linkedin.com/sales/people/ACwAAAAHOggBcOGZydgYxEt6TqIY0EydRSID00k,NAME_SEARCH,-fPS?_ntb=fewKbqquRsOWCbPOwm6nvg%3D%3D"
Rami Rankoussi,Executive Director,"London, England, United Kingdom",Goldman Sachs,"https://www.linkedin.com/sales/people/ACwAAAKXzVMBLYsQ3Vg1hw0qtYIdT8_2C-wyQys,NAME_SEARCH,_0Ds?_ntb=fewKbqquRsOWCbPOwm6nvg%3D%3D"
Alexander Lippert,"Vice President, GS Growth","London, England, United Kingdom",Goldman Sachs,"https://www.linkedin.com/sales/people/ACwAAAlpQ_gB8j2fMjQdtofrKYrR32JkgMXC_xU,NAME_SEARCH,EKew?_ntb=fewKbqquRsOWCbPOwm6nvg%3D%3D"
Tomer Sharon,"Managing Director, Head of User Research & Metrics",New York City Metropolitan Area,Goldman Sachs,"https://www.linkedin.com/sales/people/ACwAAAAbO-oBkToSoHRH2mWaIw7ikMn2HW98rFk,NAME_SEARCH,G-Fr?_ntb=fewKbqquRsOWCbPOwm6nvg%3D%3D"
Eric Brothers,Managing Director,New York City Metropolitan Area,Goldman Sachs,"https://www.linkedin.com/sales/people/ACwAAABR4kcBqmzVLKfd70wvmHgTWes5PLbJQ7w,NAME_SEARCH,sktQ?_ntb=fewKbqquRsOWCbPOwm6nvg%3D%3D"
Hardeep Kundan,"Vice President, Diversity Recruitment, Strategy & Management","London, England Metropolitan Area",Goldman Sachs,"https://www.linkedin.com/sales/people/ACwAAAcW4PsBCBcwcI8JHFGoJTw8IIEyHJDGDBw,NAME_SEARCH,BiTv?_ntb=fewKbqquRsOWCbPOwm6nvg%3D%3D"
Saurabh Mishra,Vice President Senior Engineer,"Bengaluru, Karnataka, India",Goldman Sachs,"https://www.linkedin.com/sales/people/ACwAAAF1PIMB0oN9UnuhGpW4IBZlCiJ8-cOOvVk,NAME_SEARCH,PPup?_ntb=fewKbqquRsOWCbPOwm6nvg%3D%3D"
Anna Phillips,"Head of Business Development, Goldman Sachs Investment Partners",New York City Metropolitan Area,Goldman Sachs,"https://www.linkedin.com/sales/people/ACwAAAQPxA8Bvgm3rpf3kO6VCC0kg4jbPFSkpd8,NAME_SEARCH,dGX6?_ntb=fewKbqquRsOWCbPOwm6nvg%3D%3D"
Karen Levin,Vice President - Consumer & Retail,"DuPage County, Illinois, United States",Goldman Sachs,"https://www.linkedin.com/sales/people/ACwAAAC0GWwBYR2k03sL7e6XIcn84yWtDt5W1Ik,NAME_SEARCH,JVNW?_ntb=fewKbqquRsOWCbPOwm6nvg%3D%3D"
Gaurav Parashar,Trader,"Jaipur Metro Rail Corporation, Rajasthan, India",Goldman Sachs,"https://www.linkedin.com/sales/people/ACwAAAFezaIBOmFbmjgQoFg8y4lVwHsh22iRN1Y,NAME_SEARCH,VYy6?_ntb=fewKbqquRsOWCbPOwm6nvg%3D%3D"
George Lee,Co-Chief Information Officer,"San Francisco, California, United States",Goldman Sachs,"https://www.linkedin.com/sales/people/ACwAAAADBNkB1sgfeKSRB6AX7C2Yl39870rHDho,NAME_SEARCH,n476?_ntb=fewKbqquRsOWCbPOwm6nvg%3D%3D"
Salman Niaz,MD | Senior PM & Head Asian Credit,Singapore,Goldman Sachs Asset Management,"https://www.linkedin.com/sales/people/ACwAAAADc6gBolWZ1yEshjb9AWWgmEWR9IIGE5Q,NAME_SEARCH,P_uU?_ntb=fewKbqquRsOWCbPOwm6nvg%3D%3D"
Gasim G.,Global Markets Strats Analyst,"London, England Metropolitan Area",Goldman Sachs,"https://www.linkedin.com/sales/people/ACwAABQyNo0B7Dm0CG90Y0mkx_5ddE4VX_SPBFY,NAME_SEARCH,JUYg?_ntb=fewKbqquRsOWCbPOwm6nvg%3D%3D"
Dominic Hum,Regional Head of Global Markets Mgmt & Strategy,Dallas-Fort Worth Metroplex,Goldman Sachs,"https://www.linkedin.com/sales/people/ACwAAAEC2N0B278nBiI_xts3mODBxvI3WNYLa1E,NAME_SEARCH,2Jfk?_ntb=fewKbqquRsOWCbPOwm6nvg%3D%3D"
Sajid Ahmed,Head of Technology & Head of Platform Engineering Asia Pacific,"Bengaluru, Karnataka, India",Goldman Sachs,"https://www.linkedin.com/sales/people/ACwAAABW73IBx8J83jAp9te_lRoRj9qQdPFTbYU,NAME_SEARCH,iwaW?_ntb=fewKbqquRsOWCbPOwm6nvg%3D%3D"
Sarah-Marie Martin,Partner Managing Director,"New York, New York, United States",Goldman Sachs,"https://www.linkedin.com/sales/people/ACwAAAD0ukcB4tiu2Zra-EcO6SvwAg9GL819kZI,NAME_SEARCH,J8wU?_ntb=fewKbqquRsOWCbPOwm6nvg%3D%3D"
Derek Lau,Special Situations Group,"New York, New York, United States",Goldman Sachs,"https://www.linkedin.com/sales/people/ACwAAAiAohoBkOpJwjXAdQxz0r2h8NlPgf_caoA,NAME_SEARCH,wvRx?_ntb=fewKbqquRsOWCbPOwm6nvg%3D%3D"
Adam Dell,Partner,New York City Metropolitan Area,Goldman Sachs,"https://www.linkedin.com/sales/people/ACwAAAAEPkABlxLH-QMhBX7tQzUmIOGePFehbBQ,NAME_SEARCH,9_8-?_ntb=fewKbqquRsOWCbPOwm6nvg%3D%3D"
Mia D'Angelo,"Associate, Talent Acquisition",New York City Metropolitan Area,Goldman Sachs,"https://www.linkedin.com/sales/people/ACwAAAyDnjMB8FYGbPKwG_BAVS37fQAJrtYSKfE,NAME_SEARCH,1QTq?_ntb=fewKbqquRsOWCbPOwm6nvg%3D%3D"
Will Chen,"Managing Director, Principal Investment Area",New York City Metropolitan Area,Goldman Sachs,"https://www.linkedin.com/sales/people/ACwAAACjBoAB6H5GYdRGcwZDgJMHfsWIie7aw7A,NAME_SEARCH,4JiS?_ntb=fewKbqquRsOWCbPOwm6nvg%3D%3D"
"Nasir Khan, CFA, FRM","Director, Financial Risk Management",Dallas-Fort Worth Metroplex,Goldman Sachs,"https://www.linkedin.com/sales/people/ACwAAAPc3poBYNWBz7KsCvPC0ZlT15_rTbvcvl8,NAME_SEARCH,N5q9?_ntb=fewKbqquRsOWCbPOwm6nvg%3D%3D"
Raymond Holmes,VP - Electronic Trading,"New York, New York, United States",Goldman Sachs,"https://www.linkedin.com/sales/people/ACwAABg00YsBBLHNENBydc__rwvNFZTRMl6XPyc,NAME_SEARCH,UqkC?_ntb=fewKbqquRsOWCbPOwm6nvg%3D%3D"
Carey (Baker) Halio,Chief Executive Officer of GS Bank USA and Deputy Treasurer of Goldman Sachs,"New York, New York, United States",Goldman Sachs,"https://www.linkedin.com/sales/people/ACwAAAB1pNkBfQxH--Omg1GVgEvGGGsrXFAH7a8,NAME_SEARCH,tLBq?_ntb=fewKbqquRsOWCbPOwm6nvg%3D%3D"
Kimberly Foster,Launch With GS,New York City Metropolitan Area,Goldman Sachs,"https://www.linkedin.com/sales/people/ACwAAAXtijIBCL-enuvEAK0INBUtzOmh12kHry0,NAME_SEARCH,0Xpj?_ntb=fewKbqquRsOWCbPOwm6nvg%3D%3D"
John Fathers,Managing Director,"New York, New York, United States",Goldman Sachs,"https://www.linkedin.com/sales/people/ACwAAAAR9MEBUiJdVejzNgQVdrugsSIDwy56VSU,NAME_SEARCH,sGP3?_ntb=fewKbqquRsOWCbPOwm6nvg%3D%3D"
Yariv Ten-Ami,Vice President - Head of Consumer Financial Crime Compliance Technology Strategy,New York City Metropolitan Area,Goldman Sachs,"https://www.linkedin.com/sales/people/ACwAAADPGBEB-DO7DsFBRWBgcGrSDx5P6Z3K1J8,NAME_SEARCH,vofO?_ntb=fewKbqquRsOWCbPOwm6nvg%3D%3D"
Seth Goodman,Business Development and Strategic Partnerships,"New York, New York, United States",Goldman Sachs,"https://www.linkedin.com/sales/people/ACwAAABBqtoBwpbnzBH7uC9GRfI8ZKQlFMzMJVY,NAME_SEARCH,tnux?_ntb=fewKbqquRsOWCbPOwm6nvg%3D%3D"
Soumya Rajamani,Vice President,New York City Metropolitan Area,Goldman Sachs,"https://www.linkedin.com/sales/people/ACwAAAWoPB4BOM0P0-J03lFrYOBPcRpwwdVsqJ0,NAME_SEARCH,zcFQ?_ntb=fewKbqquRsOWCbPOwm6nvg%3D%3D"
Adam Raffa,Institutional Escrow Sales| Investment Banking Division,Miami Metropolitan Area,Goldman Sachs,"https://www.linkedin.com/sales/people/ACwAAAP5M-EBbmyCgSGVRVI3yisbe_CAGTI6jy4,NAME_SEARCH,drvA?_ntb=fewKbqquRsOWCbPOwm6nvg%3D%3D"
Raphaël Edberg,Executive Director,"London, England Metropolitan Area",Goldman Sachs,"https://www.linkedin.com/sales/people/ACwAAAUbcCkB2h6xdXf3tPWlkxItPV90n1noaVk,NAME_SEARCH,Li9Z?_ntb=fewKbqquRsOWCbPOwm6nvg%3D%3D"
Anna Urbanska,Vice President / Executive Director,"Warsaw, Mazowieckie, Poland",Goldman Sachs,"https://www.linkedin.com/sales/people/ACwAAAv4bB8BToBl1quf22xR5pRY1pKIVkji9bI,NAME_SEARCH,Px5R?_ntb=fewKbqquRsOWCbPOwm6nvg%3D%3D"
David Lowy,"Vice President, Product Strategy & Marketing, Marcus by Goldman Sachs","New York, New York, United States",Goldman Sachs,"https://www.linkedin.com/sales/people/ACwAAAANI58BGs-uCZ7h64sw4wC7jRhLbnRY11Y,NAME_SEARCH,imDg?_ntb=fewKbqquRsOWCbPOwm6nvg%3D%3D"
Olu Malomo,Vice President - Payments & Reconciliations,"Salt Lake City, Utah, United States",Marcus by Goldman Sachs,"https://www.linkedin.com/sales/people/ACwAAACDIeIBLEGGlGhIcy40X8al1ts15b43ikQ,NAME_SEARCH,fBfq?_ntb=fewKbqquRsOWCbPOwm6nvg%3D%3D"
Kristin Olson,"Partner, Alternative Capital Markets","New York, New York, United States",Goldman Sachs,"https://www.linkedin.com/sales/people/ACwAAAD2P3ABfLfM9vkgHIHJVkffIAEvaKSowzk,NAME_SEARCH,_rAz?_ntb=fewKbqquRsOWCbPOwm6nvg%3D%3D"
"Lilia Kyuchukova, ACA",Associate Investment Banking (TMT),"London, England Metropolitan Area",Goldman Sachs,"https://www.linkedin.com/sales/people/ACwAAATo6uoBl3B0Geku5JMFWnltn5VjvaEfO4I,NAME_SEARCH,5pXe?_ntb=fewKbqquRsOWCbPOwm6nvg%3D%3D"
"Anisha Bhardwaj, CFA",Investment Banking Summer Associate,"London, England Metropolitan Area",Goldman Sachs,"https://www.linkedin.com/sales/people/ACwAAAnOztEB0tQGI6OyRcRNnZuE_ovQms3HkQQ,NAME_SEARCH,ZD-e?_ntb=fewKbqquRsOWCbPOwm6nvg%3D%3D"
Eileen Wang,Investment Banking Analyst,"New York, New York, United States",Goldman Sachs,"https://www.linkedin.com/sales/people/ACwAABNN8yIBb4vaZk6OUdxZOigy90Mcq-RFOCE,NAME_SEARCH,qXNc?_ntb=fewKbqquRsOWCbPOwm6nvg%3D%3D"
Michael Bruun,Partner,"London, England Metropolitan Area",Goldman Sachs,"https://www.linkedin.com/sales/people/ACwAAAAg_uYBuUAcjhJTmsprd4jPdOnvImpOKoc,NAME_SEARCH,Obt6?_ntb=fewKbqquRsOWCbPOwm6nvg%3D%3D"
Eva Maria Wiecko,Managing Director,"Frankfurt, Hesse, Germany",Goldman Sachs,"https://www.linkedin.com/sales/people/ACwAAACG6BUB9Lav_4iL2jvloR_xohLBes8xz9c,NAME_SEARCH,MjL9?_ntb=fewKbqquRsOWCbPOwm6nvg%3D%3D"
Kostas Mamalis,Executive Director,"London, England, United Kingdom",Goldman Sachs,"https://www.linkedin.com/sales/people/ACwAAAFr7lgBb5NeOye1NfUp637hq3NfLRK547k,NAME_SEARCH,9byg?_ntb=fewKbqquRsOWCbPOwm6nvg%3D%3D"
Annabel Downs,Small Business Development Volunteer,"London, England, United Kingdom","Goldman Sachs - 10,000 Small Businesses U.K.","https://www.linkedin.com/sales/people/ACwAAArURXgB5XlJQ3dL9C_jtnYlBsvrB2PuDXw,NAME_SEARCH,-usE?_ntb=fewKbqquRsOWCbPOwm6nvg%3D%3D"
"Andrew W. Smith, CFA",Vice President,Greater Tampa Bay Area,Goldman Sachs,"https://www.linkedin.com/sales/people/ACwAAAJ6S90BdjjI_seo0ZbdbbjszmTQz4QUVZg,NAME_SEARCH,Byex?_ntb=fewKbqquRsOWCbPOwm6nvg%3D%3D"
Desmond Hu,Executive Director,Singapore,Goldman Sachs,"https://www.linkedin.com/sales/people/ACwAAAV5XdIBDxVg_rhOYflxgZxh9yXp_CTcsNA,NAME_SEARCH,cpQ-?_ntb=fewKbqquRsOWCbPOwm6nvg%3D%3D"
Erika Coleman,"Vice President, Talent Acquisition",New York City Metropolitan Area,Goldman Sachs,"https://www.linkedin.com/sales/people/ACwAAAEDD1MBl1ybFEUbEHCvQoG1fdhQmpJ-IHc,NAME_SEARCH,a8mX?_ntb=fewKbqquRsOWCbPOwm6nvg%3D%3D"
Antoine de Guillenchmidt,Managing Director,"London, England Metropolitan Area",Goldman Sachs,"https://www.linkedin.com/sales/people/ACwAACO1bLwBzmsVIHA-CGuG_IzK5ssGmbMeD9c,NAME_SEARCH,8lu5?_ntb=fewKbqquRsOWCbPOwm6nvg%3D%3D"
"Brian Essex, CFA",Equity Analyst,"New York, New York, United States",Goldman Sachs,"https://www.linkedin.com/sales/people/ACwAAACMGv0BI7tK1Ai0eX2j1Vm5m1G4c9Exdgw,NAME_SEARCH,9WVG?_ntb=fewKbqquRsOWCbPOwm6nvg%3D%3D"
Rob Cochran,Managing Director,"New York, New York, United States",Goldman Sachs,"https://www.linkedin.com/sales/people/ACwAAAg7GN0B3OzBid2ALT73SlW6yMKUElWFakI,NAME_SEARCH,Rnkt?_ntb=fewKbqquRsOWCbPOwm6nvg%3D%3D"
David Gross,Vice President - Convertible Bond Sales,"Chicago, Illinois, United States",Goldman Sachs,"https://www.linkedin.com/sales/people/ACwAAASmdRgBlmtII5pfZWAJmwuyE3kAh4eEkDU,NAME_SEARCH,Ck45?_ntb=fewKbqquRsOWCbPOwm6nvg%3D%3D"
Vicky Ledda,"Managing Director, Investment Research Engineering","New York, New York, United States",Goldman Sachs,"https://www.linkedin.com/sales/people/ACwAAAd1WxQB8NNnOVl9TVOLQLcZ07TNOQiXxb0,NAME_SEARCH,znhp?_ntb=fewKbqquRsOWCbPOwm6nvg%3D%3D"
Kunal Shah,Partner,"London, England Metropolitan Area",Goldman Sachs,"https://www.linkedin.com/sales/people/ACwAAAnpBToBZ2tBe6vjPCbXOOTx8UpW6dVt8JE,NAME_SEARCH,zT_v?_ntb=fewKbqquRsOWCbPOwm6nvg%3D%3D"
Leke Osinubi,Managing Director,"New York, New York, United States",Goldman Sachs,"https://www.linkedin.com/sales/people/ACwAAAF2UF4Bu7m8wXQwQMU0cOcn9IisJI6_jCM,NAME_SEARCH,IJkW?_ntb=fewKbqquRsOWCbPOwm6nvg%3D%3D"
Richard J. Spencer,Partner,"London, England Metropolitan Area",Goldman Sachs,"https://www.linkedin.com/sales/people/ACwAAAOHCxABLhUJJGLJVQ1LNvm2EwYzhm-TSsI,NAME_SEARCH,k6A8?_ntb=fewKbqquRsOWCbPOwm6nvg%3D%3D"
James Seddon,Vice President,"Tokyo, Tokyo, Japan",Goldman Sachs,"https://www.linkedin.com/sales/people/ACwAABM0Ks0By2TQj_Lt1N41S8XrySTj8nh-orQ,NAME_SEARCH,ChfC?_ntb=fewKbqquRsOWCbPOwm6nvg%3D%3D"
Andy Ozment,"Chief Information Security Officer (CISO), Managing Director, and Partner",New York City Metropolitan Area,Goldman Sachs,"https://www.linkedin.com/sales/people/ACwAAAAwUccBBLU-qRAOYnSkZzQSOA54VVpwvdM,NAME_SEARCH,My5e?_ntb=fewKbqquRsOWCbPOwm6nvg%3D%3D"
Agostina Pechi,Managing Director - Head of EM and Commodities Local Sales and Latin America Structured Credit Sales,"New York, New York, United States",Goldman Sachs,"https://www.linkedin.com/sales/people/ACwAAB8Ze4AB9CulIweLALfydRp9ZP7bJbZ7L1k,NAME_SEARCH,q5tD?_ntb=fewKbqquRsOWCbPOwm6nvg%3D%3D"
Keshav R. Manjrekar,Senior Analyst | Data Strategy & Reporting | Consumer Banking,"New York, New York, United States",Goldman Sachs,"https://www.linkedin.com/sales/people/ACwAABC5HosB9jvj0KdOxEDDGGueO8ZBcv5MXo4,NAME_SEARCH,WVtz?_ntb=fewKbqquRsOWCbPOwm6nvg%3D%3D"
Hemal Thaker,"Executive Director, Global Video Games & eSports Investment Banking (TMT)",San Francisco Bay Area,Goldman Sachs,"https://www.linkedin.com/sales/people/ACwAAAJAv20BgyYpSurBNgpy0VOAnP8ZH1kg18E,NAME_SEARCH,eAW3?_ntb=fewKbqquRsOWCbPOwm6nvg%3D%3D"
Janine Glasenberg,Vice President - EMEA Graduate Recruiting Manager,"London, England, United Kingdom",Goldman Sachs,"https://www.linkedin.com/sales/people/ACwAAAHU-KkB4uB35lHXJAzyG3sgpSmaLS_HBok,NAME_SEARCH,j1_L?_ntb=fewKbqquRsOWCbPOwm6nvg%3D%3D"
Natalie Fratto,"Vice President, Firmwide Strategy, Launch With GS","New York, New York, United States",Goldman Sachs,"https://www.linkedin.com/sales/people/ACwAAALH6n8BoNib2hvByk0zOnBNhX9I5wzAmTk,NAME_SEARCH,g6Ak?_ntb=fewKbqquRsOWCbPOwm6nvg%3D%3D"
Katie Koch,Co-Head of Fundamental Equity for Goldman Sachs Asset Management (GSAM),"New York, New York, United States",Goldman Sachs,"https://www.linkedin.com/sales/people/ACwAAB8iXRIBTT6oXSLT0_qpYLXIX9BqpMTpkG0,NAME_SEARCH,6jCg?_ntb=fewKbqquRsOWCbPOwm6nvg%3D%3D"
Tim Morris,Vice President - Critical Systems Operations (CSO) - Corporate and Workplace Solutions (CWS),"Bronxville, New York, United States",Goldman Sachs,"https://www.linkedin.com/sales/people/ACwAAADf9VQB6Un0XiIA3RzDd34k-wBORnl40Xo,NAME_SEARCH,SXBs?_ntb=fewKbqquRsOWCbPOwm6nvg%3D%3D"
Brian Robinson,Head Of Prime Brokerage Sales Americas,New York City Metropolitan Area,Goldman Sachs,"https://www.linkedin.com/sales/people/ACwAAC9muP4BRHnBTEUFh7T0Cbi_th8rSDfyIvE,NAME_SEARCH,QfHh?_ntb=fewKbqquRsOWCbPOwm6nvg%3D%3D"
Holly Brazier,Analyst,"Weybridge, England, United Kingdom",Goldman Sachs,"https://www.linkedin.com/sales/people/ACwAACDP0GoBrSoH8JwzOWRAYgCq-etNohKGTGw,NAME_SEARCH,cqNR?_ntb=fewKbqquRsOWCbPOwm6nvg%3D%3D"
Simon Ling,"Executive Director, Human Capital Management","Hong Kong, Hong Kong SAR",Goldman Sachs,"https://www.linkedin.com/sales/people/ACwAAAJmDo0BtaFCOM8gX6OBVQCH8-qyq2E-u-I,NAME_SEARCH,3-dW?_ntb=fewKbqquRsOWCbPOwm6nvg%3D%3D"
Lisa Williams,Vice President,"New York, New York, United States",Goldman Sachs,"https://www.linkedin.com/sales/people/ACwAAAAMh-0B7BAVORd_0qmKNQGnklOAgigGoyw,NAME_SEARCH,KL6E?_ntb=fewKbqquRsOWCbPOwm6nvg%3D%3D"
"Zheng ""Roger"" Li",Machine Learning Engineer and Vice President,"New York, New York, United States",Goldman Sachs,"https://www.linkedin.com/sales/people/ACwAAALIqzEB1nZU3YNzwZE9ZVrK3WfTKLAF6es,NAME_SEARCH,MAl7?_ntb=fewKbqquRsOWCbPOwm6nvg%3D%3D"
Rajat Sood,Managing Director,"Mumbai, Maharashtra, India",Goldman Sachs,"https://www.linkedin.com/sales/people/ACwAAAG-kGABrAU025q4_bTRgMf3ewvRGDXxmZc,NAME_SEARCH,ci39?_ntb=fewKbqquRsOWCbPOwm6nvg%3D%3D"
Santhosh Bajjuri,Vice President,New York City Metropolitan Area,Goldman Sachs,"https://www.linkedin.com/sales/people/ACwAABS_tVUBrvhWDqXxht5W1zdd0D7EFLjI9_s,NAME_SEARCH,kVzv?_ntb=fewKbqquRsOWCbPOwm6nvg%3D%3D"
Maria Cristina Sampaulo (she/her/hers),Diversity & Inclusion and Diversity Recruiting Lead for Latin America,Brazil,Goldman Sachs,"https://www.linkedin.com/sales/people/ACwAAAM7HAAB13IJY0WxUeWQJGngyyZGGxyLVSQ,NAME_SEARCH,RD7i?_ntb=fewKbqquRsOWCbPOwm6nvg%3D%3D"
Jerome de Robillard,"Senior Recruiter, Marcus, Finance, Risk, Internal Audit & Operations (EMEA - ADP)","London, England Metropolitan Area",Goldman Sachs,"https://www.linkedin.com/sales/people/ACwAABZJwogBWoiS8E6uNymyZa27zObcXSUZNVY,NAME_SEARCH,O3X7?_ntb=fewKbqquRsOWCbPOwm6nvg%3D%3D"
Alex Blanchard,Managing Director,New York City Metropolitan Area,Goldman Sachs,"https://www.linkedin.com/sales/people/ACwAAAFo0ncBcpQMptRM62GO2nycujLbPgjjQtQ,NAME_SEARCH,kZ-L?_ntb=fewKbqquRsOWCbPOwm6nvg%3D%3D"
Mayur Thakur,Managing Director,"New York, New York, United States",Goldman Sachs,"https://www.linkedin.com/sales/people/ACwAAAB-NioBq9ILD0Jmj1g-fMmy8yGD0bflqUA,NAME_SEARCH,pZyJ?_ntb=fewKbqquRsOWCbPOwm6nvg%3D%3D"
Mitul Patel,Executive Director,"London, England Metropolitan Area",Goldman Sachs,"https://www.linkedin.com/sales/people/ACwAAAuf0LwBheHU3YVGpDde5RbhY7mq9JIrVmQ,NAME_SEARCH,Vv6U?_ntb=fewKbqquRsOWCbPOwm6nvg%3D%3D"
Yoav Nathaniel,Cloud Security Architect,New York City Metropolitan Area,Goldman Sachs,"https://www.linkedin.com/sales/people/ACwAABSNPLABJDf2ivCdHwusT_Bu6-MhJKy_4vs,NAME_SEARCH,MH4S?_ntb=fewKbqquRsOWCbPOwm6nvg%3D%3D"
Desi Ivanova,"Systematic Trading Strategies, Associate","London, England Metropolitan Area",Goldman Sachs,"https://www.linkedin.com/sales/people/ACwAAAyO2lwBkqTmMOxUesNE3l1V2RZwVDXfWPE,NAME_SEARCH,oa05?_ntb=fewKbqquRsOWCbPOwm6nvg%3D%3D"
susie scher,Partner,"New York, New York, United States",Goldman Sachs,"https://www.linkedin.com/sales/people/ACwAABLhm64BHuRuoS-u5pv6tjs_sWUiwzHd_bQ,NAME_SEARCH,3izD?_ntb=fewKbqquRsOWCbPOwm6nvg%3D%3D"
Naga Parvatharajan,Co-Head of Product; Head of Strategy and Partnerships,"San Francisco, California, United States",Goldman Sachs,"https://www.linkedin.com/sales/people/ACwAAABG1HsBRbkWRAfNt5vtoHoC41YLHnOPsGc,NAME_SEARCH,S2O9?_ntb=fewKbqquRsOWCbPOwm6nvg%3D%3D"
"Medi Ashraphijuo, PhD, CFA, FRM",Vice President & Executive Director,"New York, New York, United States",Goldman Sachs,"https://www.linkedin.com/sales/people/ACwAAAqUbC0B_4fWm2IwhW8ajDjJtxnagD46bq4,NAME_SEARCH,7KFe?_ntb=fewKbqquRsOWCbPOwm6nvg%3D%3D"
Ramesh Kamath,Managing Director,"Bengaluru, Karnataka, India",Goldman Sachs,"https://www.linkedin.com/sales/people/ACwAAADLHbsBGatmNgsPAVdW-kEoA-mkAi-MBAU,NAME_SEARCH,Od3h?_ntb=fewKbqquRsOWCbPOwm6nvg%3D%3D"
Rob Alexander Elwell,Co-Head of Marquee Product,New York City Metropolitan Area,Goldman Sachs,"https://www.linkedin.com/sales/people/ACwAAAG3xe0BKSKWBc8r2uF-8pMF0w8CPhWf6s0,NAME_SEARCH,Ms2h?_ntb=fewKbqquRsOWCbPOwm6nvg%3D%3D"
Christopher King,"Vice President, Renewable Power Group","New York, New York, United States",Goldman Sachs,"https://www.linkedin.com/sales/people/ACwAAAVoVm8BJYKnffj7J4aAqC0RbcuLmREDWkY,NAME_SEARCH,TVZ4?_ntb=fewKbqquRsOWCbPOwm6nvg%3D%3D"
Alex Harman,Co-Head of EMEA Electronic Trading,"London, England Metropolitan Area",Goldman Sachs,"https://www.linkedin.com/sales/people/ACwAAAC6hkkBTNFc3LijJvqsK1QiK1bcVD9pKII,NAME_SEARCH,nyxS?_ntb=fewKbqquRsOWCbPOwm6nvg%3D%3D"
"Hamza Ateeque, CFA, ACA",Associate,"London, England, United Kingdom",Goldman Sachs,"https://www.linkedin.com/sales/people/ACwAAAul9vkBa5CzN3RW5DXVO7dtZFrcQJxBPBw,NAME_SEARCH,2Vr8?_ntb=fewKbqquRsOWCbPOwm6nvg%3D%3D"
Muhammad Usman,AWS Cloud Architect,"New York, New York, United States",Goldman Sachs,"https://www.linkedin.com/sales/people/ACwAAAEHaG8BZhGaAn7687nqCiHZ1-gYplmKDYw,NAME_SEARCH,bBUx?_ntb=fewKbqquRsOWCbPOwm6nvg%3D%3D"
Eduardo V.,"Managing Director, Global Head of Product & Sales - Transaction Banking",San Francisco Bay Area,Goldman Sachs,"https://www.linkedin.com/sales/people/ACwAAAFcumUBV-KM9cPb-kIgvW1zPqIFK2gRnTk,NAME_SEARCH,Z1K7?_ntb=fewKbqquRsOWCbPOwm6nvg%3D%3D"
David Goldman,Executive Director - Technology,"Dallas, Texas, United States",Goldman Sachs,"https://www.linkedin.com/sales/people/ACwAAABPnlMBcrmdQTSdjOWOFkXvgPxarvecnPM,NAME_SEARCH,Yp6x?_ntb=fewKbqquRsOWCbPOwm6nvg%3D%3D"
Katherine Alexakis,"Managing Director, Global Investment Research","London, England Metropolitan Area",Goldman Sachs,"https://www.linkedin.com/sales/people/ACwAAAxTbKQBJb_fwV-Jhv04rH_puYoTZuzI4uk,NAME_SEARCH,RIc-?_ntb=fewKbqquRsOWCbPOwm6nvg%3D%3D"
Stephanie Tan,CISO of Marcus by Goldman Sachs,"New York, New York, United States",Goldman Sachs,"https://www.linkedin.com/sales/people/ACwAAAGZOYkBhhdpHsHCQtKaaP5zc4UjW6gqPUQ,NAME_SEARCH,rNoD?_ntb=fewKbqquRsOWCbPOwm6nvg%3D%3D"
Anuj Vohra,Head - Campus Recruiting,"Bengaluru, Karnataka, India",Goldman Sachs,"https://www.linkedin.com/sales/people/ACwAAAGcgnsBH1AYGlAzomDNRolga8FiAsfegy8,NAME_SEARCH,MgCa?_ntb=fewKbqquRsOWCbPOwm6nvg%3D%3D"
Neema Raphael,Managing Director,"New York, New York, United States",Goldman Sachs,"https://www.linkedin.com/sales/people/ACwAABArSBIBtRW3zfL2pOZwlVN5_sJG89hs11c,NAME_SEARCH,z0Cl?_ntb=fewKbqquRsOWCbPOwm6nvg%3D%3D"
Shubha Iyer,Managing Director,"Bengaluru, Karnataka, India",Goldman Sachs,"https://www.linkedin.com/sales/people/ACwAAAAFiQABrUMYxviP_zTIzUydPzHfta_FAIw,NAME_SEARCH,LuxH?_ntb=fewKbqquRsOWCbPOwm6nvg%3D%3D"
Archana Tayade,Managing Director,"Bengaluru, Karnataka, India",Goldman Sachs,"https://www.linkedin.com/sales/people/ACwAAAKQ4EABOLgeDBTFBnMhI8WocaAlhug61W8,NAME_SEARCH,J173?_ntb=fewKbqquRsOWCbPOwm6nvg%3D%3D"
Tuvia Borok,Executive Director & Senior Counsel - Legal Dept,"London, England Metropolitan Area",Goldman Sachs,"https://www.linkedin.com/sales/people/ACwAAADGBTEB8Gcy2l_YDVf5gBiMMJ_zHYFjyfg,NAME_SEARCH,eIHe?_ntb=fewKbqquRsOWCbPOwm6nvg%3D%3D"
Arnold Fomété,UK & Irish Institutional Sales - Analyst,"London, England Metropolitan Area",Goldman Sachs,"https://www.linkedin.com/sales/people/ACwAAAwuQagBCrbPyDt4OAjmmcSN41Oyfwtudmo,NAME_SEARCH,NHkw?_ntb=fewKbqquRsOWCbPOwm6nvg%3D%3D"
Mandy Scullion,"Executive Director, Lead Information Security Officer, Technology Risk, Marcus UK","London, England, United Kingdom",Goldman Sachs,"https://www.linkedin.com/sales/people/ACwAAAQfp1sBjVS_dRUmsWEI-NBunhNeh0oiIDY,NAME_SEARCH,ln62?_ntb=fewKbqquRsOWCbPOwm6nvg%3D%3D"
Piotr Zurawski,Managing Director - Exotics Trading,"London, England Metropolitan Area",Goldman Sachs,"https://www.linkedin.com/sales/people/ACwAAAALkyABElIVr2jdRHQw8E5WlsIIIjUh8Cs,NAME_SEARCH,rdZ0?_ntb=fewKbqquRsOWCbPOwm6nvg%3D%3D"
Frederick Baba,Managing Director,"New York, New York, United States",Goldman Sachs,"https://www.linkedin.com/sales/people/ACwAAAeC78cBUEZgdY8p2PAaxVT2cBJ4UxtEVOo,NAME_SEARCH,f1EP?_ntb=fewKbqquRsOWCbPOwm6nvg%3D%3D"
James Brodie,Executive Director,"London, England, United Kingdom",Goldman Sachs,"https://www.linkedin.com/sales/people/ACwAAAM_lg4BJ3IyQxZ4Kf-ep0mYxSyvXuOeyBg,NAME_SEARCH,0Sxt?_ntb=fewKbqquRsOWCbPOwm6nvg%3D%3D"
Richard Rivero,Managing Director,New York City Metropolitan Area,Goldman Sachs,"https://www.linkedin.com/sales/people/ACwAAAMKDykBA4X7SUrhVhmgGIsWJMTRz56hb5I,NAME_SEARCH,7sAR?_ntb=fewKbqquRsOWCbPOwm6nvg%3D%3D"
Pierre Hudry,Partner,France,Goldman Sachs,"https://www.linkedin.com/sales/people/ACwAABg7294B0NKRh8g0XKb_ZMiTygJ8qpaDMl4,NAME_SEARCH,9ZSu?_ntb=fewKbqquRsOWCbPOwm6nvg%3D%3D"
Pierre Benichou,Managing Director,"London, England, United Kingdom",Goldman Sachs,"https://www.linkedin.com/sales/people/ACwAAAjINxQBcsnICEsahdR64eF55tkTKDA2r8g,NAME_SEARCH,0KdL?_ntb=fewKbqquRsOWCbPOwm6nvg%3D%3D"
Roy Golender,"Executive Director - Commodity Sales & Origination - Energy, Petrochemical, Pulp & Paper",United Kingdom,GS,"https://www.linkedin.com/sales/people/ACwAAABzb-IB8RVbMDbEnTIVnB7V_lH8ey3z0aQ,NAME_SEARCH,24hn?_ntb=fewKbqquRsOWCbPOwm6nvg%3D%3D"
Brina Nash,Head of Customer Relationship Management (CRM),New York City Metropolitan Area,Goldman Sachs,"https://www.linkedin.com/sales/people/ACwAAALvjlkBN9gX3MXywL4kTkgCIdY6OayIQ2M,NAME_SEARCH,WD27?_ntb=fewKbqquRsOWCbPOwm6nvg%3D%3D"
Alex Radu,"Executive Director, Special Situations Group","London, England Metropolitan Area",Goldman Sachs,"https://www.linkedin.com/sales/people/ACwAAASTl9cBGa6WQpk0N1wsYOhdXqw1dtu_zv4,NAME_SEARCH,221L?_ntb=fewKbqquRsOWCbPOwm6nvg%3D%3D"
Dianne Rivera,"Vice President, Diversity Recruiting, Strategy and Management",Salt Lake City Metropolitan Area,Goldman Sachs,"https://www.linkedin.com/sales/people/ACwAAAD_-94BvnxNkRnzwhTizkBGR57MAXE0MHw,NAME_SEARCH,RYpP?_ntb=fewKbqquRsOWCbPOwm6nvg%3D%3D"
Chiranjib Gupta,Head of Decision Science for Personal Loan,"New York, New York, United States",Marcus by Goldman Sachs,"https://www.linkedin.com/sales/people/ACwAAABl5MkBfnkJTq_wDo1gJeHyWHmtQ2EEiWE,NAME_SEARCH,t7OD?_ntb=fewKbqquRsOWCbPOwm6nvg%3D%3D"
Justin Schmidt,"Head of Digital Asset Markets, VP","New York, New York, United States",Goldman Sachs,"https://www.linkedin.com/sales/people/ACwAAABoJm4BYv35h0d_AE5tt4WKcy8UOug-pQ4,NAME_SEARCH,bXJb?_ntb=fewKbqquRsOWCbPOwm6nvg%3D%3D"
Raffaele Magliocca,Investment Banking Associate,"London, England, United Kingdom",Goldman Sachs,"https://www.linkedin.com/sales/people/ACwAAAvZGoUBv_mUNVjUQowkztp-wmcdlH3OZRk,NAME_SEARCH,QcEt?_ntb=fewKbqquRsOWCbPOwm6nvg%3D%3D"
Erdit Hoxha,Partner,"London, England, United Kingdom",Goldman Sachs,"https://www.linkedin.com/sales/people/ACwAAAqYiwsBp-tifBjjL0hiwWAo9D572YSvL78,NAME_SEARCH,nKzY?_ntb=fewKbqquRsOWCbPOwm6nvg%3D%3D"
Tomer Gold,Investment Banking Associate,Israel,Goldman Sachs,"https://www.linkedin.com/sales/people/ACwAABZxGxsBuTA0llVpZqSWxtAAizlNC2RwTHM,NAME_SEARCH,bxe0?_ntb=fewKbqquRsOWCbPOwm6nvg%3D%3D"
Drew LoPiano,Experienced Hire Strats/Engineering Recruiter,New York City Metropolitan Area,Goldman Sachs,"https://www.linkedin.com/sales/people/ACwAAAPXBxkBcwoWprHbcpp1SjnI2rpo2Y2VDQw,NAME_SEARCH,rnkJ?_ntb=fewKbqquRsOWCbPOwm6nvg%3D%3D"
Lucia Catalan,Head of Iberia & Latin America Third Party Distribution,"London, England Metropolitan Area",Goldman Sachs Asset Management,"https://www.linkedin.com/sales/people/ACwAAAGXlZQBtdYjtRJOHveMmF21qEft8sTBRvk,NAME_SEARCH,ppb7?_ntb=fewKbqquRsOWCbPOwm6nvg%3D%3D"
Philipp de la Chevallerie,Managing Director,"Frankfurt, Hesse, Germany",Goldman Sachs,"https://www.linkedin.com/sales/people/ACwAAAFMc9oBc0UPKwmY1Qs-UxflcWQ60Me2QQ4,NAME_SEARCH,WVK3?_ntb=fewKbqquRsOWCbPOwm6nvg%3D%3D"
"Arianna Roccia, CFA",Associate,United States,Goldman Sachs,"https://www.linkedin.com/sales/people/ACwAABPy7HUBajadB_NJ5r7ASd6gIIQO_GqWmRo,NAME_SEARCH,QDHm?_ntb=fewKbqquRsOWCbPOwm6nvg%3D%3D"
John Goldstein,Managing Director,"Berkeley, California, United States",Goldman Sachs,"https://www.linkedin.com/sales/people/ACwAAAAEGVQBSkS8qi4VYVeQnwklj0k0yUrHnDQ,NAME_SEARCH,vPcV?_ntb=fewKbqquRsOWCbPOwm6nvg%3D%3D"
Mark Smith,"Head Of Global Liquidity, Transaction Banking","New York, New York, United States",Goldman Sachs,"https://www.linkedin.com/sales/people/ACwAAA2Ii_wBowW3thpBVJAvLqRfpHYGVrEDtRo,NAME_SEARCH,mw1b?_ntb=fewKbqquRsOWCbPOwm6nvg%3D%3D"
Matt Wardrop,"Senior Associate, Merchant Banking Division - Real Estate Investing",New York City Metropolitan Area,Goldman Sachs,"https://www.linkedin.com/sales/people/ACwAAACUnS0BHFy-GPmGcA4xFgXBhOCeoSltbDw,NAME_SEARCH,v8dD?_ntb=fewKbqquRsOWCbPOwm6nvg%3D%3D"
David Stark,Partner,New York City Metropolitan Area,Goldman Sachs,"https://www.linkedin.com/sales/people/ACwAABJgpl4BSrxCAPSILY4PFz4QVA1NPmxkvJU,NAME_SEARCH,Ajky?_ntb=fewKbqquRsOWCbPOwm6nvg%3D%3D"
Adam Sale,Head of Engineering Recruiting,"New York, New York, United States",Goldman Sachs,"https://www.linkedin.com/sales/people/ACwAAADaN84BdHiMqB9tVtMkAzqVDqGkzwA-9l4,NAME_SEARCH,KM4j?_ntb=fewKbqquRsOWCbPOwm6nvg%3D%3D"
Jay Drain Jr.,Global Markets Analyst,"New York, New York, United States",Goldman Sachs,"https://www.linkedin.com/sales/people/ACwAABSROQwBA9d4_WehPUyE_IcklFy1LqzlS6s,NAME_SEARCH,w_7z?_ntb=fewKbqquRsOWCbPOwm6nvg%3D%3D"
Ryan Tick,Cloud Security Architect,"Dallas, Texas, United States",Goldman Sachs,"https://www.linkedin.com/sales/people/ACwAABcdVRABc4NbzLO7Kqr9jdZLF5o-LE28VjE,NAME_SEARCH,mwzN?_ntb=fewKbqquRsOWCbPOwm6nvg%3D%3D"
Cynthia Xin,Software Engineer,"New York, New York, United States",Goldman Sachs,"https://www.linkedin.com/sales/people/ACwAABgZIKMB0kQe2kmUgA8mgPR8-9WxyVvF9QQ,NAME_SEARCH,f1SV?_ntb=fewKbqquRsOWCbPOwm6nvg%3D%3D"
Larry Restieri,Chief Executive Officer,"Greenwich, Connecticut, United States","Ayco, a Goldman Sachs Company","https://www.linkedin.com/sales/people/ACwAAARNvxoBaqZT77K-7l9jPCEYEjwaIHgXQdc,NAME_SEARCH,8f9l?_ntb=fewKbqquRsOWCbPOwm6nvg%3D%3D"
Kaustubh Joshi,Vice President,United Kingdom,Goldman Sachs,"https://www.linkedin.com/sales/people/ACwAAAEOaHkB_xsvEKm0gKFa4mBX0IlJqDAxIwU,NAME_SEARCH,a6Ow?_ntb=fewKbqquRsOWCbPOwm6nvg%3D%3D"
Taylor Auman,Investment Banking Analyst,"Philadelphia, Pennsylvania, United States",Goldman Sachs,"https://www.linkedin.com/sales/people/ACwAABg58BABGVAIfN6TF0SMfevJNePTBLW27XQ,NAME_SEARCH,SbF6?_ntb=fewKbqquRsOWCbPOwm6nvg%3D%3D"
Des McDaid,Managing Director,"London, England, United Kingdom",Goldman Sachs,"https://www.linkedin.com/sales/people/ACwAAAA9f_kBOxzClFDZLDdbLelkGLrgx2EgSFc,NAME_SEARCH,aOYM?_ntb=fewKbqquRsOWCbPOwm6nvg%3D%3D"
Harry Labana,Managing Director,San Francisco Bay Area,Goldman Sachs,"https://www.linkedin.com/sales/people/ACwAAAAdPecB79tHbc4YcLw_MohDm6ESAWRU2EA,NAME_SEARCH,txY1?_ntb=fewKbqquRsOWCbPOwm6nvg%3D%3D"
Eric Stern,Managing Director,"New York, New York, United States",Goldman Sachs,"https://www.linkedin.com/sales/people/ACwAAAZmxZABLDbRGsN68iU5ffw6vhm4615mbCM,NAME_SEARCH,qnip?_ntb=fewKbqquRsOWCbPOwm6nvg%3D%3D"
